azure,azure_cosmos_writes_no_dr,false,200,1596393940153,1596393945939,5786
azure,azure_cosmos_writes_no_dr,false,200,1596393945940,1596393951694,5754
azure,azure_cosmos_writes_no_dr,false,200,1596393951695,1596393958668,6973
azure,azure_cosmos_writes_no_dr,false,200,1596393958669,1596393965630,6961
azure,azure_cosmos_writes_no_dr,false,200,1596393965630,1596393972594,6964
azure,azure_cosmos_writes_no_dr,false,200,1596393972595,1596393979456,6861
azure,azure_cosmos_writes_no_dr,false,200,1596393979457,1596393986417,6960
azure,azure_cosmos_writes_no_dr,false,200,1596393986418,1596393994082,7664
azure,azure_cosmos_writes_no_dr,false,200,1596393994084,1596394000960,6876
azure,azure_cosmos_writes_no_dr,false,200,1596394000960,1596394007338,6378
azure,azure_cosmos_writes_no_dr,false,200,1596394007338,1596394014274,6936
azure,azure_cosmos_writes_no_dr,false,200,1596394014274,1596394022827,8553
azure,azure_cosmos_writes_no_dr,false,200,1596394022830,1596394029836,7006
azure,azure_cosmos_writes_no_dr,false,200,1596394029837,1596394037104,7267
azure,azure_cosmos_writes_no_dr,false,200,1596394037105,1596394043763,6658
azure,azure_cosmos_writes_no_dr,false,200,1596394043763,1596394049667,5904
azure,azure_cosmos_writes_no_dr,false,200,1596394049667,1596394056256,6589
azure,azure_cosmos_writes_no_dr,false,200,1596394056257,1596394063321,7064
azure,azure_cosmos_writes_no_dr,false,200,1596394063321,1596394070901,7580
azure,azure_cosmos_writes_no_dr,false,200,1596394070901,1596394076515,5614
azure,azure_cosmos_writes_no_dr,false,200,1596394076515,1596394083078,6563
azure,azure_cosmos_writes_no_dr,false,200,1596394083079,1596394091176,8097
azure,azure_cosmos_writes_no_dr,false,200,1596394091177,1596394098951,7774
azure,azure_cosmos_writes_no_dr,false,200,1596394098952,1596394106413,7461
azure,azure_cosmos_writes_no_dr,false,200,1596394106413,1596394114834,8421
azure,azure_cosmos_writes_no_dr,false,200,1596394114835,1596394123266,8431
azure,azure_cosmos_writes_no_dr,false,200,1596394123267,1596394131661,8394
azure,azure_cosmos_writes_no_dr,false,200,1596394131661,1596394140412,8751
azure,azure_cosmos_writes_no_dr,false,200,1596394140412,1596394147957,7545
azure,azure_cosmos_writes_no_dr,false,200,1596394147957,1596394155395,7438
azure,azure_cosmos_writes_no_dr,false,200,1596394155395,1596394164391,8996
azure,azure_cosmos_writes_no_dr,false,200,1596394164391,1596394174332,9941
azure,azure_cosmos_writes_no_dr,false,200,1596394174332,1596394182412,8080
azure,azure_cosmos_writes_no_dr,false,200,1596394182412,1596394190401,7989
azure,azure_cosmos_writes_no_dr,false,200,1596394190402,1596394198387,7985
azure,azure_cosmos_writes_no_dr,false,200,1596394198387,1596394207912,9525
azure,azure_cosmos_writes_no_dr,false,200,1596394207912,1596394217229,9317
azure,azure_cosmos_writes_no_dr,false,200,1596394217229,1596394225001,7772
azure,azure_cosmos_writes_no_dr,false,200,1596394225002,1596394232274,7272
azure,azure_cosmos_writes_no_dr,false,200,1596394232274,1596394238000,5726
azure,azure_cosmos_writes_no_dr,false,200,1596394238000,1596394244425,6425
azure,azure_cosmos_writes_no_dr,false,200,1596394244425,1596394250918,6493
azure,azure_cosmos_writes_no_dr,false,200,1596394250918,1596394258291,7373
azure,azure_cosmos_writes_no_dr,false,200,1596394258291,1596394265769,7478
azure,azure_cosmos_writes_no_dr,false,200,1596394265769,1596394273726,7957
azure,azure_cosmos_writes_no_dr,false,200,1596394273727,1596394279935,6208
azure,azure_cosmos_writes_no_dr,false,200,1596394279935,1596394284963,5028
azure,azure_cosmos_writes_no_dr,false,200,1596394284963,1596394289797,4834
azure,azure_cosmos_writes_no_dr,false,200,1596394289797,1596394295280,5483
azure,azure_cosmos_writes_no_dr,false,200,1596394295280,1596394301132,5852
azure,azure_cosmos_writes_no_dr,false,200,1596394301133,1596394307360,6227
azure,azure_cosmos_writes_no_dr,false,200,1596394307360,1596394312369,5009
azure,azure_cosmos_writes_no_dr,false,200,1596394312369,1596394317580,5211
azure,azure_cosmos_writes_no_dr,false,200,1596394317581,1596394322591,5010
azure,azure_cosmos_writes_no_dr,false,200,1596394322592,1596394327617,5025
azure,azure_cosmos_writes_no_dr,false,200,1596394327617,1596394333351,5734
azure,azure_cosmos_writes_no_dr,false,200,1596394333351,1596394340860,7509
azure,azure_cosmos_writes_no_dr,false,200,1596394340861,1596394351067,10206
azure,azure_cosmos_writes_no_dr,false,200,1596394351067,1596394359343,8276
azure,azure_cosmos_writes_no_dr,false,200,1596394359344,1596394365964,6620
azure,azure_cosmos_writes_no_dr,false,200,1596394365965,1596394371956,5991
azure,azure_cosmos_writes_no_dr,false,200,1596394371956,1596394378102,6146
azure,azure_cosmos_writes_no_dr,false,200,1596394378103,1596394384693,6590
azure,azure_cosmos_writes_no_dr,false,200,1596394384693,1596394391720,7027
azure,azure_cosmos_writes_no_dr,false,200,1596394391721,1596394397249,5528
azure,azure_cosmos_writes_no_dr,false,200,1596394397250,1596394403088,5838
azure,azure_cosmos_writes_no_dr,false,200,1596394403089,1596394409332,6243
azure,azure_cosmos_writes_no_dr,false,200,1596394409333,1596394414823,5490
azure,azure_cosmos_writes_no_dr,false,200,1596394414823,1596394421008,6185
azure,azure_cosmos_writes_no_dr,false,200,1596394421008,1596394426842,5834
azure,azure_cosmos_writes_no_dr,false,200,1596394426843,1596394433091,6248
azure,azure_cosmos_writes_no_dr,false,200,1596394433091,1596394439207,6116
azure,azure_cosmos_writes_no_dr,false,200,1596394439208,1596394444976,5768
azure,azure_cosmos_writes_no_dr,false,200,1596394444976,1596394451159,6183
azure,azure_cosmos_writes_no_dr,false,200,1596394451160,1596394457153,5993
azure,azure_cosmos_writes_no_dr,false,200,1596394457154,1596394463707,6553
azure,azure_cosmos_writes_no_dr,false,200,1596394463707,1596394470050,6343
azure,azure_cosmos_writes_no_dr,false,200,1596394470051,1596394476169,6118
azure,azure_cosmos_writes_no_dr,false,200,1596394476169,1596394482453,6284
azure,azure_cosmos_writes_no_dr,false,200,1596394482453,1596394489203,6750
azure,azure_cosmos_writes_no_dr,false,200,1596394489203,1596394496581,7378
azure,azure_cosmos_writes_no_dr,false,200,1596394496589,1596394502541,5952
azure,azure_cosmos_writes_no_dr,false,200,1596394502542,1596394509061,6519
azure,azure_cosmos_writes_no_dr,false,200,1596394509062,1596394515364,6302
azure,azure_cosmos_writes_no_dr,false,200,1596394515364,1596394522383,7019
azure,azure_cosmos_writes_no_dr,false,200,1596394522383,1596394529040,6657
azure,azure_cosmos_writes_no_dr,false,200,1596394529040,1596394534545,5505
azure,azure_cosmos_writes_no_dr,false,200,1596394534545,1596394540611,6066
azure,azure_cosmos_writes_no_dr,false,200,1596394540611,1596394546446,5835
azure,azure_cosmos_writes_no_dr,false,200,1596394546447,1596394552292,5845
azure,azure_cosmos_writes_no_dr,false,200,1596394552292,1596394558564,6272
azure,azure_cosmos_writes_no_dr,false,200,1596394558564,1596394566312,7748
azure,azure_cosmos_writes_no_dr,false,200,1596394566312,1596394574255,7943
azure,azure_cosmos_writes_no_dr,false,200,1596394574256,1596394580547,6291
azure,azure_cosmos_writes_no_dr,false,200,1596394580547,1596394585648,5101
azure,azure_cosmos_writes_no_dr,false,200,1596394585649,1596394591195,5546
azure,azure_cosmos_writes_no_dr,false,200,1596394591195,1596394597536,6341
azure,azure_cosmos_writes_no_dr,false,200,1596394597536,1596394603864,6328
azure,azure_cosmos_writes_no_dr,false,200,1596394603864,1596394610825,6961
azure,azure_cosmos_writes_no_dr,false,200,1596394610826,1596394619151,8325
azure,azure_cosmos_writes_no_dr,false,200,1596394619151,1596394625530,6379
azure,azure_cosmos_writes_no_dr,false,200,1596394625530,1596394629480,3949
azure,azure_cosmos_writes_no_dr,false,200,1596394629480,1596394632793,3312
azure,azure_cosmos_writes_no_dr,false,200,1596394632793,1596394636606,3813
azure,azure_cosmos_writes_no_dr,false,200,1596394636606,1596394640991,4384
azure,azure_cosmos_writes_no_dr,false,200,1596394640991,1596394644468,3476
azure,azure_cosmos_writes_no_dr,false,200,1596394644468,1596394647708,3239
azure,azure_cosmos_writes_no_dr,false,200,1596394647708,1596394651769,4061
azure,azure_cosmos_writes_no_dr,false,200,1596394651769,1596394656714,4944
azure,azure_cosmos_writes_no_dr,false,200,1596394656714,1596394660278,3563
azure,azure_cosmos_writes_no_dr,false,200,1596394660278,1596394664676,4397
azure,azure_cosmos_writes_no_dr,false,200,1596394664676,1596394669322,4645
azure,azure_cosmos_writes_no_dr,false,200,1596394669322,1596394673855,4532
azure,azure_cosmos_writes_no_dr,false,200,1596394673855,1596394678849,4993
azure,azure_cosmos_writes_no_dr,false,200,1596394678849,1596394683936,5086
azure,azure_cosmos_writes_no_dr,false,200,1596394683936,1596394687271,3334
azure,azure_cosmos_writes_no_dr,false,200,1596394687271,1596394691690,4418
azure,azure_cosmos_writes_no_dr,false,200,1596394691690,1596394695056,3366
azure,azure_cosmos_writes_no_dr,false,200,1596394695056,1596394700399,5342
azure,azure_cosmos_writes_no_dr,false,200,1596394700399,1596394705319,4919
azure,azure_cosmos_writes_no_dr,false,200,1596394705319,1596394709655,4335
azure,azure_cosmos_writes_no_dr,false,200,1596394709655,1596394714222,4566
azure,azure_cosmos_writes_no_dr,false,200,1596394714222,1596394718763,4540
azure,azure_cosmos_writes_no_dr,false,200,1596394718763,1596394723782,5018
azure,azure_cosmos_writes_no_dr,false,200,1596394723782,1596394728309,4526
azure,azure_cosmos_writes_no_dr,false,200,1596394728309,1596394733405,5095
azure,azure_cosmos_writes_no_dr,false,200,1596394733405,1596394740505,7099
azure,azure_cosmos_writes_no_dr,false,200,1596394740505,1596394744584,4079
azure,azure_cosmos_writes_no_dr,false,200,1596394744584,1596394748548,3963
azure,azure_cosmos_writes_no_dr,false,200,1596394748548,1596394753106,4558
azure,azure_cosmos_writes_no_dr,false,200,1596394753106,1596394756623,3516
azure,azure_cosmos_writes_no_dr,false,200,1596394756623,1596394761440,4816
azure,azure_cosmos_writes_no_dr,false,200,1596394761440,1596394763763,2322
azure,azure_cosmos_writes_no_dr,false,200,1596394763763,1596394767898,4134
azure,azure_cosmos_writes_no_dr,false,200,1596394767898,1596394771564,3665
azure,azure_cosmos_writes_no_dr,false,200,1596394771564,1596394775003,3438
azure,azure_cosmos_writes_no_dr,false,200,1596394775003,1596394779398,4394
azure,azure_cosmos_writes_no_dr,false,200,1596394779398,1596394785172,5773
azure,azure_cosmos_writes_no_dr,false,200,1596394785172,1596394790205,5032
azure,azure_cosmos_writes_no_dr,false,200,1596394790205,1596394794469,4263
azure,azure_cosmos_writes_no_dr,false,200,1596394794469,1596394799449,4979
azure,azure_cosmos_writes_no_dr,false,200,1596394799449,1596394806760,7311
azure,azure_cosmos_writes_no_dr,false,200,1596394806760,1596394810291,3530
azure,azure_cosmos_writes_no_dr,false,200,1596394810291,1596394815335,5043
azure,azure_cosmos_writes_no_dr,false,200,1596394815335,1596394820712,5376
azure,azure_cosmos_writes_no_dr,false,200,1596394820712,1596394826101,5388
azure,azure_cosmos_writes_no_dr,false,200,1596394826101,1596394829917,3815
azure,azure_cosmos_writes_no_dr,false,200,1596394829917,1596394834606,4689
azure,azure_cosmos_writes_no_dr,false,200,1596394834606,1596394841714,7107
azure,azure_cosmos_writes_no_dr,false,200,1596394841714,1596394846419,4704
azure,azure_cosmos_writes_no_dr,false,200,1596394846419,1596394852575,6155
azure,azure_cosmos_writes_no_dr,false,200,1596394852575,1596394859535,6959
azure,azure_cosmos_writes_no_dr,false,200,1596394859535,1596394864703,5167
azure,azure_cosmos_writes_no_dr,false,200,1596394864703,1596394869245,4541
azure,azure_cosmos_writes_no_dr,false,200,1596394869245,1596394875673,6427
azure,azure_cosmos_writes_no_dr,false,200,1596394875673,1596394879526,3853
azure,azure_cosmos_writes_no_dr,false,200,1596394879526,1596394884205,4678
azure,azure_cosmos_writes_no_dr,false,200,1596394884205,1596394888622,4416
azure,azure_cosmos_writes_no_dr,false,200,1596394888622,1596394893057,4434
azure,azure_cosmos_writes_no_dr,false,200,1596394893057,1596394898794,5736
azure,azure_cosmos_writes_no_dr,false,200,1596394898794,1596394903865,5070
azure,azure_cosmos_writes_no_dr,false,200,1596394903865,1596394907501,3635
azure,azure_cosmos_writes_no_dr,false,200,1596394907501,1596394912059,4557
azure,azure_cosmos_writes_no_dr,false,200,1596394912059,1596394916930,4870
azure,azure_cosmos_writes_no_dr,false,200,1596394916930,1596394921925,4994
azure,azure_cosmos_writes_no_dr,false,200,1596394921925,1596394926539,4613
azure,azure_cosmos_writes_no_dr,false,200,1596394926539,1596394931500,4960
azure,azure_cosmos_writes_no_dr,false,200,1596394931500,1596394936357,4856
azure,azure_cosmos_writes_no_dr,false,200,1596394936357,1596394941300,4942
azure,azure_cosmos_writes_no_dr,false,200,1596394941300,1596394945914,4613
azure,azure_cosmos_writes_no_dr,false,200,1596394945914,1596394950737,4822
azure,azure_cosmos_writes_no_dr,false,200,1596394950737,1596394955079,4341
azure,azure_cosmos_writes_no_dr,false,200,1596394955079,1596394961813,6733
azure,azure_cosmos_writes_no_dr,false,200,1596394961813,1596394966736,4922
azure,azure_cosmos_writes_no_dr,false,200,1596394966736,1596394971428,4692
azure,azure_cosmos_writes_no_dr,false,200,1596394971428,1596394975669,4240
azure,azure_cosmos_writes_no_dr,false,200,1596394975669,1596394981125,5455
azure,azure_cosmos_writes_no_dr,false,200,1596394981125,1596394985170,4044
azure,azure_cosmos_writes_no_dr,false,200,1596394985170,1596394988269,3099
azure,azure_cosmos_writes_no_dr,false,200,1596394988269,1596394993439,5169
azure,azure_cosmos_writes_no_dr,false,200,1596394993439,1596394998306,4866
azure,azure_cosmos_writes_no_dr,false,200,1596394998306,1596395001069,2762
azure,azure_cosmos_writes_no_dr,false,200,1596395001069,1596395005487,4418
azure,azure_cosmos_writes_no_dr,false,200,1596395005487,1596395009751,4263
azure,azure_cosmos_writes_no_dr,false,200,1596395009751,1596395015453,5701
azure,azure_cosmos_writes_no_dr,false,200,1596395015453,1596395019614,4160
azure,azure_cosmos_writes_no_dr,false,200,1596395019614,1596395023950,4335
azure,azure_cosmos_writes_no_dr,false,200,1596395023950,1596395028025,4074
azure,azure_cosmos_writes_no_dr,false,200,1596395028025,1596395032488,4462
azure,azure_cosmos_writes_no_dr,false,200,1596395032488,1596395037025,4537
azure,azure_cosmos_writes_no_dr,false,200,1596395037025,1596395040905,3879
azure,azure_cosmos_writes_no_dr,false,200,1596395040905,1596395045541,4635
azure,azure_cosmos_writes_no_dr,false,200,1596395045541,1596395050233,4691
azure,azure_cosmos_writes_no_dr,false,200,1596395050233,1596395054886,4652
azure,azure_cosmos_writes_no_dr,false,200,1596395054886,1596395059754,4867
azure,azure_cosmos_writes_no_dr,false,200,1596395059754,1596395062862,3107
azure,azure_cosmos_writes_no_dr,false,200,1596395062862,1596395067714,4851
azure,azure_cosmos_writes_no_dr,false,200,1596395067714,1596395072390,4676
azure,azure_cosmos_writes_no_dr,false,200,1596395072390,1596395076864,4473
azure,azure_cosmos_writes_no_dr,false,200,1596395076864,1596395081069,4204
azure,azure_cosmos_writes_no_dr,false,200,1596395081069,1596395085471,4401
azure,azure_cosmos_writes_no_dr,false,200,1596395085471,1596395089411,3939
azure,azure_cosmos_writes_no_dr,false,200,1596395089411,1596395094847,5435
azure,azure_cosmos_writes_no_dr,false,200,1596395094847,1596395097989,3141
azure,azure_cosmos_writes_no_dr,false,200,1596395097989,1596395102494,4504
azure,azure_cosmos_writes_no_dr,false,200,1596395102494,1596395107098,4603
azure,azure_cosmos_writes_no_dr,false,200,1596395107098,1596395112359,5260
azure,azure_cosmos_writes_no_dr,false,200,1596395112359,1596395116812,4452
azure,azure_cosmos_writes_no_dr,false,200,1596395116812,1596395122053,5240
azure,azure_cosmos_writes_no_dr,false,200,1596395122053,1596395125942,3888
azure,azure_cosmos_writes_no_dr,false,200,1596395125942,1596395131127,5184
azure,azure_cosmos_writes_no_dr,false,200,1596395131127,1596395135835,4707
azure,azure_cosmos_writes_no_dr,false,200,1596395135835,1596395139250,3414
azure,azure_cosmos_writes_no_dr,false,200,1596395139250,1596395143670,4419
azure,azure_cosmos_writes_no_dr,false,200,1596395143670,1596395148582,4911
azure,azure_cosmos_writes_no_dr,false,200,1596395148582,1596395150905,2322
azure,azure_cosmos_writes_no_dr,false,200,1596395150905,1596395156447,5541
azure,azure_cosmos_writes_no_dr,false,200,1596395156447,1596395160930,4482
azure,azure_cosmos_writes_no_dr,false,200,1596395160930,1596395166265,5334
azure,azure_cosmos_writes_no_dr,false,200,1596395166265,1596395171196,4930
azure,azure_cosmos_writes_no_dr,false,200,1596395171196,1596395177126,5929
azure,azure_cosmos_writes_no_dr,false,200,1596395177126,1596395184664,7537
azure,azure_cosmos_writes_no_dr,false,200,1596395184664,1596395188898,4234
azure,azure_cosmos_writes_no_dr,false,200,1596395188898,1596395192480,3581
azure,azure_cosmos_writes_no_dr,false,200,1596395192480,1596395197373,4892
azure,azure_cosmos_writes_no_dr,false,200,1596395197373,1596395202277,4903
azure,azure_cosmos_writes_no_dr,false,200,1596395202277,1596395207209,4931
azure,azure_cosmos_writes_no_dr,false,200,1596395207209,1596395212673,5463
azure,azure_cosmos_writes_no_dr,false,200,1596395212673,1596395216306,3632
azure,azure_cosmos_writes_no_dr,false,200,1596395216306,1596395220852,4545
azure,azure_cosmos_writes_no_dr,false,200,1596395220852,1596395227573,6720
azure,azure_cosmos_writes_no_dr,false,200,1596395227573,1596395231955,4381
azure,azure_cosmos_writes_no_dr,false,200,1596395231955,1596395237544,5588
azure,azure_cosmos_writes_no_dr,false,200,1596395237544,1596395243199,5654
azure,azure_cosmos_writes_no_dr,false,200,1596395243199,1596395247318,4118
azure,azure_cosmos_writes_no_dr,false,200,1596395247318,1596395250733,3414
azure,azure_cosmos_writes_no_dr,false,200,1596395250733,1596395256150,5416
azure,azure_cosmos_writes_no_dr,false,200,1596395256150,1596395262961,6810
azure,azure_cosmos_writes_no_dr,false,200,1596395262961,1596395267458,4496
azure,azure_cosmos_writes_no_dr,false,200,1596395267458,1596395271876,4417
azure,azure_cosmos_writes_no_dr,false,200,1596395271876,1596395275079,3202
azure,azure_cosmos_writes_no_dr,false,200,1596395275079,1596395279455,4375
azure,azure_cosmos_writes_no_dr,false,200,1596395279455,1596395283304,3849
azure,azure_cosmos_writes_no_dr,false,200,1596395283304,1596395287752,4447
azure,azure_cosmos_writes_no_dr,false,200,1596395287752,1596395292147,4394
azure,azure_cosmos_writes_no_dr,false,200,1596395292147,1596395296396,4249
azure,azure_cosmos_writes_no_dr,false,200,1596395296396,1596395301143,4746
azure,azure_cosmos_writes_no_dr,false,200,1596395301143,1596395305380,4236
azure,azure_cosmos_writes_no_dr,false,200,1596395305380,1596395311891,6510
azure,azure_cosmos_writes_no_dr,false,200,1596395311891,1596395315715,3823
azure,azure_cosmos_writes_no_dr,false,200,1596395315715,1596395319878,4163
azure,azure_cosmos_writes_no_dr,false,200,1596395319878,1596395324412,4533
azure,azure_cosmos_writes_no_dr,false,200,1596395324412,1596395329544,5132
azure,azure_cosmos_writes_no_dr,false,200,1596395329544,1596395334190,4646
azure,azure_cosmos_writes_no_dr,false,200,1596395334190,1596395336781,2590
azure,azure_cosmos_writes_no_dr,false,200,1596395336781,1596395343120,6339
azure,azure_cosmos_writes_no_dr,false,200,1596395343120,1596395346957,3837
azure,azure_cosmos_writes_no_dr,false,200,1596395346957,1596395353948,6990
azure,azure_cosmos_writes_no_dr,false,200,1596395353948,1596395360042,6094
azure,azure_cosmos_writes_no_dr,false,200,1596395360042,1596395365600,5557
azure,azure_cosmos_writes_no_dr,false,200,1596395365600,1596395369412,3812
azure,azure_cosmos_writes_no_dr,false,200,1596395369412,1596395374062,4649
azure,azure_cosmos_writes_no_dr,false,200,1596395374062,1596395379402,5339
azure,azure_cosmos_writes_no_dr,false,200,1596395379402,1596395384336,4933
azure,azure_cosmos_writes_no_dr,false,200,1596395384336,1596395389054,4717
azure,azure_cosmos_writes_no_dr,false,200,1596395389054,1596395393323,4268
azure,azure_cosmos_writes_no_dr,false,200,1596395393323,1596395398816,5493
azure,azure_cosmos_writes_no_dr,false,200,1596395398816,1596395403522,4705
azure,azure_cosmos_writes_no_dr,false,200,1596395403522,1596395406627,3104
azure,azure_cosmos_writes_no_dr,false,200,1596395406627,1596395411605,4977
azure,azure_cosmos_writes_no_dr,false,200,1596395411605,1596395416292,4686
azure,azure_cosmos_writes_no_dr,false,200,1596395416292,1596395422779,6486
azure,azure_cosmos_writes_no_dr,false,200,1596395422779,1596395426152,3372
azure,azure_cosmos_writes_no_dr,false,200,1596395426152,1596395430465,4312
azure,azure_cosmos_writes_no_dr,false,200,1596395430465,1596395433962,3497
azure,azure_cosmos_writes_no_dr,false,200,1596395433962,1596395440498,6535
azure,azure_cosmos_writes_no_dr,false,200,1596395440498,1596395445140,4641
azure,azure_cosmos_writes_no_dr,false,200,1596395445140,1596395447950,2809
azure,azure_cosmos_writes_no_dr,false,200,1596395447950,1596395451316,3366
azure,azure_cosmos_writes_no_dr,false,200,1596395451316,1596395458439,7122
azure,azure_cosmos_writes_no_dr,false,200,1596395458439,1596395462883,4443
azure,azure_cosmos_writes_no_dr,false,200,1596395462883,1596395466454,3570
azure,azure_cosmos_writes_no_dr,false,200,1596395466454,1596395469289,2834
azure,azure_cosmos_writes_no_dr,false,200,1596395469289,1596395472848,3558
azure,azure_cosmos_writes_no_dr,false,200,1596395472848,1596395476693,3844
azure,azure_cosmos_writes_no_dr,false,200,1596395476693,1596395481655,4961
azure,azure_cosmos_writes_no_dr,false,200,1596395481655,1596395485783,4127
azure,azure_cosmos_writes_no_dr,false,200,1596395485783,1596395490682,4898
azure,azure_cosmos_writes_no_dr,false,200,1596395490682,1596395495504,4821
azure,azure_cosmos_writes_no_dr,false,200,1596395495504,1596395501089,5584
azure,azure_cosmos_writes_no_dr,false,200,1596395501089,1596395505235,4145
azure,azure_cosmos_writes_no_dr,false,200,1596395505235,1596395507709,2473
azure,azure_cosmos_writes_no_dr,false,200,1596395507709,1596395511202,3493
azure,azure_cosmos_writes_no_dr,false,200,1596395511202,1596395516034,4831
azure,azure_cosmos_writes_no_dr,false,200,1596395516034,1596395520019,3984
azure,azure_cosmos_writes_no_dr,false,200,1596395520019,1596395524524,4504
azure,azure_cosmos_writes_no_dr,false,200,1596395524524,1596395529870,5345
azure,azure_cosmos_writes_no_dr,false,200,1596395529870,1596395533516,3645
azure,azure_cosmos_writes_no_dr,false,200,1596395533516,1596395537892,4375
azure,azure_cosmos_writes_no_dr,false,200,1596395537892,1596395541093,3200
azure,azure_cosmos_writes_no_dr,false,200,1596395541093,1596395545997,4903
azure,azure_cosmos_writes_no_dr,false,200,1596395545997,1596395549720,3722
azure,azure_cosmos_writes_no_dr,false,200,1596395549720,1596395554202,4481
azure,azure_cosmos_writes_no_dr,false,200,1596395554202,1596395558187,3984
azure,azure_cosmos_writes_no_dr,false,200,1596395558187,1596395562861,4673
azure,azure_cosmos_writes_no_dr,false,200,1596395562861,1596395565799,2937
azure,azure_cosmos_writes_no_dr,false,200,1596395565799,1596395568025,2225
azure,azure_cosmos_writes_no_dr,false,200,1596395568025,1596395572509,4483
azure,azure_cosmos_writes_no_dr,false,200,1596395572509,1596395575608,3098
azure,azure_cosmos_writes_no_dr,false,200,1596395575608,1596395580113,4504
azure,azure_cosmos_writes_no_dr,false,200,1596395580113,1596395584610,4496
azure,azure_cosmos_writes_no_dr,false,200,1596395584610,1596395591306,6695
azure,azure_cosmos_writes_no_dr,false,200,1596395591306,1596395594126,2819
azure,azure_cosmos_writes_no_dr,false,200,1596395594126,1596395597652,3525
azure,azure_cosmos_writes_no_dr,false,200,1596395597652,1596395602090,4437
azure,azure_cosmos_writes_no_dr,false,200,1596395602090,1596395606657,4566
azure,azure_cosmos_writes_no_dr,false,200,1596395606657,1596395611119,4461
azure,azure_cosmos_writes_no_dr,false,200,1596395611119,1596395616348,5228
azure,azure_cosmos_writes_no_dr,false,200,1596395616348,1596395620163,3814
azure,azure_cosmos_writes_no_dr,false,200,1596395620163,1596395624988,4824
azure,azure_cosmos_writes_no_dr,false,200,1596395624988,1596395628593,3604
azure,azure_cosmos_writes_no_dr,false,200,1596395628593,1596395633394,4800
azure,azure_cosmos_writes_no_dr,false,200,1596395633394,1596395638719,5324
azure,azure_cosmos_writes_no_dr,false,200,1596395638719,1596395644281,5561
azure,azure_cosmos_writes_no_dr,false,200,1596395644281,1596395648740,4458
azure,azure_cosmos_writes_no_dr,false,200,1596395648740,1596395652090,3349
azure,azure_cosmos_writes_no_dr,false,200,1596395652090,1596395655865,3774
azure,azure_cosmos_writes_no_dr,false,200,1596395655865,1596395660568,4702
azure,azure_cosmos_writes_no_dr,false,200,1596395660568,1596395664299,3730
azure,azure_cosmos_writes_no_dr,false,200,1596395664299,1596395668977,4677
azure,azure_cosmos_writes_no_dr,false,200,1596395668977,1596395674895,5917
azure,azure_cosmos_writes_no_dr,false,200,1596395674895,1596395679187,4291
azure,azure_cosmos_writes_no_dr,false,200,1596395679187,1596395683189,4001
azure,azure_cosmos_writes_no_dr,false,200,1596395683189,1596395687692,4502
azure,azure_cosmos_writes_no_dr,false,200,1596395687692,1596395692471,4778
azure,azure_cosmos_writes_no_dr,false,200,1596395692471,1596395697139,4667
azure,azure_cosmos_writes_no_dr,false,200,1596395697139,1596395701176,4036
azure,azure_cosmos_writes_no_dr,false,200,1596395701176,1596395704532,3355
azure,azure_cosmos_writes_no_dr,false,200,1596395704532,1596395709993,5460
azure,azure_cosmos_writes_no_dr,false,200,1596395709993,1596395714714,4720
azure,azure_cosmos_writes_no_dr,false,200,1596395714714,1596395719598,4883
azure,azure_cosmos_writes_no_dr,false,200,1596395719598,1596395722994,3395
azure,azure_cosmos_writes_no_dr,false,200,1596395722994,1596395726591,3597
azure,azure_cosmos_writes_no_dr,false,200,1596395726591,1596395730117,3525
azure,azure_cosmos_writes_no_dr,false,200,1596395730117,1596395733966,3849
azure,azure_cosmos_writes_no_dr,false,200,1596395733966,1596395739018,5051
azure,azure_cosmos_writes_no_dr,false,200,1596395739018,1596395744631,5612
azure,azure_cosmos_writes_no_dr,false,200,1596395744631,1596395749092,4460
azure,azure_cosmos_writes_no_dr,false,200,1596395749092,1596395752852,3759
azure,azure_cosmos_writes_no_dr,false,200,1596395752852,1596395756175,3322
azure,azure_cosmos_writes_no_dr,false,200,1596395756175,1596395761454,5278
azure,azure_cosmos_writes_no_dr,false,200,1596395761454,1596395769966,8511
azure,azure_cosmos_writes_no_dr,false,200,1596395769966,1596395773548,3581
azure,azure_cosmos_writes_no_dr,false,200,1596395773548,1596395777119,3570
azure,azure_cosmos_writes_no_dr,false,200,1596395777119,1596395780850,3730
azure,azure_cosmos_writes_no_dr,false,200,1596395780850,1596395784852,4001
azure,azure_cosmos_writes_no_dr,false,200,1596395784852,1596395790675,5823
azure,azure_cosmos_writes_no_dr,false,200,1596395790675,1596395793772,3096
azure,azure_cosmos_writes_no_dr,false,200,1596395793772,1596395798442,4669
azure,azure_cosmos_writes_no_dr,false,200,1596395798442,1596395803428,4985
azure,azure_cosmos_writes_no_dr,false,200,1596395803428,1596395806896,3467
azure,azure_cosmos_writes_no_dr,false,200,1596395806896,1596395812424,5527
azure,azure_cosmos_writes_no_dr,false,200,1596395812424,1596395817507,5082
azure,azure_cosmos_writes_no_dr,false,200,1596395817507,1596395821670,4163
azure,azure_cosmos_writes_no_dr,false,200,1596395821670,1596395826384,4713
azure,azure_cosmos_writes_no_dr,false,200,1596395826384,1596395830897,4512
azure,azure_cosmos_writes_no_dr,false,200,1596395830897,1596395835590,4692
azure,azure_cosmos_writes_no_dr,false,200,1596395835590,1596395842651,7060
azure,azure_cosmos_writes_no_dr,false,200,1596395842651,1596395846668,4016
azure,azure_cosmos_writes_no_dr,false,200,1596395846668,1596395851302,4633
azure,azure_cosmos_writes_no_dr,false,200,1596395851302,1596395855519,4216
azure,azure_cosmos_writes_no_dr,false,200,1596395855519,1596395859526,4007
azure,azure_cosmos_writes_no_dr,false,200,1596395859526,1596395864208,4681
azure,azure_cosmos_writes_no_dr,false,200,1596395864208,1596395868906,4697
azure,azure_cosmos_writes_no_dr,false,200,1596395868906,1596395876579,7672
azure,azure_cosmos_writes_no_dr,false,200,1596395876579,1596395879716,3136
azure,azure_cosmos_writes_no_dr,false,200,1596395879716,1596395882744,3027
azure,azure_cosmos_writes_no_dr,false,200,1596395882744,1596395888176,5431
azure,azure_cosmos_writes_no_dr,false,200,1596395888176,1596395892876,4699
azure,azure_cosmos_writes_no_dr,false,200,1596395892876,1596395898223,5346
azure,azure_cosmos_writes_no_dr,false,200,1596395898223,1596395901860,3636
azure,azure_cosmos_writes_no_dr,false,200,1596395901860,1596395906420,4559
azure,azure_cosmos_writes_no_dr,false,200,1596395906420,1596395912209,5788
azure,azure_cosmos_writes_no_dr,false,200,1596395912209,1596395916453,4243
azure,azure_cosmos_writes_no_dr,false,200,1596395916453,1596395921166,4712
azure,azure_cosmos_writes_no_dr,false,200,1596395921166,1596395925064,3897
azure,azure_cosmos_writes_no_dr,false,200,1596395925064,1596395929814,4750
azure,azure_cosmos_writes_no_dr,false,200,1596395929814,1596395935144,5329
azure,azure_cosmos_writes_no_dr,false,200,1596395935144,1596395939065,3920
azure,azure_cosmos_writes_no_dr,false,200,1596395939065,1596395942236,3170
azure,azure_cosmos_writes_no_dr,false,200,1596395942236,1596395947344,5107
azure,azure_cosmos_writes_no_dr,false,200,1596395947344,1596395951953,4608
azure,azure_cosmos_writes_no_dr,false,200,1596395951953,1596395955141,3187
azure,azure_cosmos_writes_no_dr,false,200,1596395955141,1596395959328,4186
azure,azure_cosmos_writes_no_dr,false,200,1596395959328,1596395963493,4164
azure,azure_cosmos_writes_no_dr,false,200,1596395963493,1596395965984,2490
azure,azure_cosmos_writes_no_dr,false,200,1596395965984,1596395970320,4335
azure,azure_cosmos_writes_no_dr,false,200,1596395970320,1596395975158,4837
azure,azure_cosmos_writes_no_dr,false,200,1596395975158,1596395980099,4940
azure,azure_cosmos_writes_no_dr,false,200,1596395980099,1596395984296,4196
azure,azure_cosmos_writes_no_dr,false,200,1596395984296,1596395989229,4932
azure,azure_cosmos_writes_no_dr,false,200,1596395989229,1596395993526,4296
azure,azure_cosmos_writes_no_dr,false,200,1596395993526,1596395998281,4754
azure,azure_cosmos_writes_no_dr,false,200,1596395998281,1596396003759,5477
azure,azure_cosmos_writes_no_dr,false,200,1596396003759,1596396008698,4938
azure,azure_cosmos_writes_no_dr,false,200,1596396008698,1596396012429,3730
azure,azure_cosmos_writes_no_dr,false,200,1596396012429,1596396016095,3665
azure,azure_cosmos_writes_no_dr,false,200,1596396016095,1596396020838,4742
azure,azure_cosmos_writes_no_dr,false,200,1596396020838,1596396026481,5642
azure,azure_cosmos_writes_no_dr,false,200,1596396026481,1596396030214,3732
azure,azure_cosmos_writes_no_dr,false,200,1596396030214,1596396035408,5193
azure,azure_cosmos_writes_no_dr,false,200,1596396035408,1596396040122,4713
azure,azure_cosmos_writes_no_dr,false,200,1596396040122,1596396047412,7290
azure,azure_cosmos_writes_no_dr,false,200,1596396047412,1596396052875,5462
azure,azure_cosmos_writes_no_dr,false,200,1596396052875,1596396057553,4677
azure,azure_cosmos_writes_no_dr,false,200,1596396057553,1596396061744,4190
azure,azure_cosmos_writes_no_dr,false,200,1596396061744,1596396065950,4206
azure,azure_cosmos_writes_no_dr,false,200,1596396065950,1596396070782,4831
azure,azure_cosmos_writes_no_dr,false,200,1596396070782,1596396075090,4307
azure,azure_cosmos_writes_no_dr,false,200,1596396075090,1596396079954,4863
azure,azure_cosmos_writes_no_dr,false,200,1596396079954,1596396084537,4582
azure,azure_cosmos_writes_no_dr,false,200,1596396084537,1596396089230,4692
azure,azure_cosmos_writes_no_dr,false,200,1596396089230,1596396093067,3837
azure,azure_cosmos_writes_no_dr,false,200,1596396093067,1596396097297,4230
azure,azure_cosmos_writes_no_dr,false,200,1596396097297,1596396102547,5249
azure,azure_cosmos_writes_no_dr,false,200,1596396102547,1596396106326,3778
azure,azure_cosmos_writes_no_dr,false,200,1596396106326,1596396111040,4713
azure,azure_cosmos_writes_no_dr,false,200,1596396111040,1596396116001,4960
azure,azure_cosmos_writes_no_dr,false,200,1596396116001,1596396120265,4263
azure,azure_cosmos_writes_no_dr,false,200,1596396120265,1596396125101,4835
azure,azure_cosmos_writes_no_dr,false,200,1596396125101,1596396129897,4795
azure,azure_cosmos_writes_no_dr,false,200,1596396129897,1596396133321,3423
azure,azure_cosmos_writes_no_dr,false,200,1596396133321,1596396136774,3452
azure,azure_cosmos_writes_no_dr,false,200,1596396136774,1596396141577,4802
azure,azure_cosmos_writes_no_dr,false,200,1596396141577,1596396145243,3665
azure,azure_cosmos_writes_no_dr,false,200,1596396145243,1596396149401,4157
azure,azure_cosmos_writes_no_dr,false,200,1596396149401,1596396154280,4878
azure,azure_cosmos_writes_no_dr,false,200,1596396154280,1596396159635,5354
azure,azure_cosmos_writes_no_dr,false,200,1596396159635,1596396164347,4711
azure,azure_cosmos_writes_no_dr,false,200,1596396164347,1596396169517,5169
azure,azure_cosmos_writes_no_dr,false,200,1596396169517,1596396174460,4942
azure,azure_cosmos_writes_no_dr,false,200,1596396174460,1596396178963,4502
azure,azure_cosmos_writes_no_dr,false,200,1596396178963,1596396182395,3431
azure,azure_cosmos_writes_no_dr,false,200,1596396182395,1596396186465,4069
azure,azure_cosmos_writes_no_dr,false,200,1596396186465,1596396190839,4373
azure,azure_cosmos_writes_no_dr,false,200,1596396190839,1596396194472,3632
azure,azure_cosmos_writes_no_dr,false,200,1596396194472,1596396199800,5327
azure,azure_cosmos_writes_no_dr,false,200,1596396199800,1596396203431,3630
azure,azure_cosmos_writes_no_dr,false,200,1596396203431,1596396208390,4958
azure,azure_cosmos_writes_no_dr,false,200,1596396208390,1596396211807,3416
azure,azure_cosmos_writes_no_dr,false,200,1596396211807,1596396216277,4469
azure,azure_cosmos_writes_no_dr,false,200,1596396216277,1596396219276,2998
azure,azure_cosmos_writes_no_dr,false,200,1596396219276,1596396224007,4730
azure,azure_cosmos_writes_no_dr,false,200,1596396224007,1596396228972,4964
azure,azure_cosmos_writes_no_dr,false,200,1596396228972,1596396232554,3581
azure,azure_cosmos_writes_no_dr,false,200,1596396232554,1596396237066,4511
azure,azure_cosmos_writes_no_dr,false,200,1596396237066,1596396242121,5054
azure,azure_cosmos_writes_no_dr,false,200,1596396242121,1596396249189,7067
azure,azure_cosmos_writes_no_dr,false,200,1596396249189,1596396253724,4534
azure,azure_cosmos_writes_no_dr,false,200,1596396253724,1596396258250,4525
azure,azure_cosmos_writes_no_dr,false,200,1596396258250,1596396265572,7322
azure,azure_cosmos_writes_no_dr,false,200,1596396265572,1596396270112,4539
azure,azure_cosmos_writes_no_dr,false,200,1596396270112,1596396274609,4496
azure,azure_cosmos_writes_no_dr,false,200,1596396274609,1596396278602,3993
azure,azure_cosmos_writes_no_dr,false,200,1596396278602,1596396283118,4515
azure,azure_cosmos_writes_no_dr,false,200,1596396283118,1596396287628,4509
azure,azure_cosmos_writes_no_dr,false,200,1596396287628,1596396292217,4588
azure,azure_cosmos_writes_no_dr,false,200,1596396292217,1596396296745,4527
azure,azure_cosmos_writes_no_dr,false,200,1596396296745,1596396300410,3664
azure,azure_cosmos_writes_no_dr,false,200,1596396300410,1596396305483,5072
azure,azure_cosmos_writes_no_dr,false,200,1596396305483,1596396310445,4961
azure,azure_cosmos_writes_no_dr,false,200,1596396310445,1596396315282,4836
azure,azure_cosmos_writes_no_dr,false,200,1596396315282,1596396319516,4234
azure,azure_cosmos_writes_no_dr,false,200,1596396319516,1596396324404,4887
azure,azure_cosmos_writes_no_dr,false,200,1596396324404,1596396328678,4273
azure,azure_cosmos_writes_no_dr,false,200,1596396328678,1596396333745,5066
azure,azure_cosmos_writes_no_dr,false,200,1596396333745,1596396338572,4826
azure,azure_cosmos_writes_no_dr,false,200,1596396338572,1596396342591,4018
azure,azure_cosmos_writes_no_dr,false,200,1596396342591,1596396346385,3793
azure,azure_cosmos_writes_no_dr,false,200,1596396346385,1596396351206,4820
azure,azure_cosmos_writes_no_dr,false,200,1596396351206,1596396355226,4019
azure,azure_cosmos_writes_no_dr,false,200,1596396355226,1596396360813,5586
azure,azure_cosmos_writes_no_dr,false,200,1596396360813,1596396364973,4159
azure,azure_cosmos_writes_no_dr,false,200,1596396364973,1596396370060,5086
azure,azure_cosmos_writes_no_dr,false,200,1596396370060,1596396373800,3739
azure,azure_cosmos_writes_no_dr,false,200,1596396373800,1596396378512,4711
azure,azure_cosmos_writes_no_dr,false,200,1596396378512,1596396383121,4608
azure,azure_cosmos_writes_no_dr,false,200,1596396383121,1596396388225,5103
azure,azure_cosmos_writes_no_dr,false,200,1596396388225,1596396393080,4854
azure,azure_cosmos_writes_no_dr,false,200,1596396393080,1596396397584,4503
azure,azure_cosmos_writes_no_dr,false,200,1596396397584,1596396401818,4234
azure,azure_cosmos_writes_no_dr,false,200,1596396401818,1596396406624,4806
azure,azure_cosmos_writes_no_dr,false,200,1596396406624,1596396411856,5231
azure,azure_cosmos_writes_no_dr,false,200,1596396411856,1596396416466,4609
azure,azure_cosmos_writes_no_dr,false,200,1596396416466,1596396421155,4688
azure,azure_cosmos_writes_no_dr,false,200,1596396421155,1596396426092,4936
azure,azure_cosmos_writes_no_dr,false,200,1596396426092,1596396430228,4135
azure,azure_cosmos_writes_no_dr,false,200,1596396430228,1596396433639,3410
azure,azure_cosmos_writes_no_dr,false,200,1596396433639,1596396438598,4958
azure,azure_cosmos_writes_no_dr,false,200,1596396438598,1596396443169,4570
azure,azure_cosmos_writes_no_dr,false,200,1596396443169,1596396448299,5129
azure,azure_cosmos_writes_no_dr,false,200,1596396448299,1596396452756,4457
azure,azure_cosmos_writes_no_dr,false,200,1596396452756,1596396457945,5188
azure,azure_cosmos_writes_no_dr,false,200,1596396457945,1596396462809,4863
azure,azure_cosmos_writes_no_dr,false,200,1596396462809,1596396466159,3349
azure,azure_cosmos_writes_no_dr,false,200,1596396466159,1596396473225,7065
azure,azure_cosmos_writes_no_dr,false,200,1596396473225,1596396477744,4518
azure,azure_cosmos_writes_no_dr,false,200,1596396477744,1596396482954,5209
azure,azure_cosmos_writes_no_dr,false,200,1596396482954,1596396487448,4494
azure,azure_cosmos_writes_no_dr,false,200,1596396487448,1596396491914,4465
azure,azure_cosmos_writes_no_dr,false,200,1596396491914,1596396496200,4285
azure,azure_cosmos_writes_no_dr,false,200,1596396496200,1596396499322,3121
azure,azure_cosmos_writes_no_dr,false,200,1596396499322,1596396504527,5204
azure,azure_cosmos_writes_no_dr,false,200,1596396504527,1596396508297,3769
azure,azure_cosmos_writes_no_dr,false,200,1596396508297,1596396512014,3716
azure,azure_cosmos_writes_no_dr,false,200,1596396512014,1596396517385,5371
azure,azure_cosmos_writes_no_dr,false,200,1596396517385,1596396520356,2970
azure,azure_cosmos_writes_no_dr,false,200,1596396520356,1596396525275,4918
azure,azure_cosmos_writes_no_dr,false,200,1596396525275,1596396530060,4784
azure,azure_cosmos_writes_no_dr,false,200,1596396530060,1596396534396,4335
azure,azure_cosmos_writes_no_dr,false,200,1596396534396,1596396539996,5599
azure,azure_cosmos_writes_no_dr,false,200,1596396539996,1596396544666,4669
azure,azure_cosmos_writes_no_dr,false,200,1596396544666,1596396549483,4816
azure,azure_cosmos_writes_no_dr,false,200,1596396549483,1596396554002,4518
azure,azure_cosmos_writes_no_dr,false,200,1596396554002,1596396558970,4967
azure,azure_cosmos_writes_no_dr,false,200,1596396558970,1596396562820,3849
azure,azure_cosmos_writes_no_dr,false,200,1596396562820,1596396569244,6423
azure,azure_cosmos_writes_no_dr,false,200,1596396569244,1596396574069,4824
azure,azure_cosmos_writes_no_dr,false,200,1596396574069,1596396578896,4826
azure,azure_cosmos_writes_no_dr,false,200,1596396578896,1596396582335,3438
azure,azure_cosmos_writes_no_dr,false,200,1596396582335,1596396588915,6579
azure,azure_cosmos_writes_no_dr,false,200,1596396588915,1596396594111,5195
azure,azure_cosmos_writes_no_dr,false,200,1596396594111,1596396598299,4187
azure,azure_cosmos_writes_no_dr,false,200,1596396598299,1596396603094,4794
azure,azure_cosmos_writes_no_dr,false,200,1596396603094,1596396607300,4206
azure,azure_cosmos_writes_no_dr,false,200,1596396607300,1596396611116,3815
azure,azure_cosmos_writes_no_dr,false,200,1596396611116,1596396618241,7124
azure,azure_cosmos_writes_no_dr,false,200,1596396618241,1596396623096,4854
azure,azure_cosmos_writes_no_dr,false,200,1596396623096,1596396627132,4035
azure,azure_cosmos_writes_no_dr,false,200,1596396627132,1596396631673,4540
azure,azure_cosmos_writes_no_dr,false,200,1596396631673,1596396635179,3505
azure,azure_cosmos_writes_no_dr,false,200,1596396635179,1596396639905,4725
azure,azure_cosmos_writes_no_dr,false,200,1596396639905,1596396644486,4580
azure,azure_cosmos_writes_no_dr,false,200,1596396644486,1596396647689,3202
azure,azure_cosmos_writes_no_dr,false,200,1596396647689,1596396652033,4343
azure,azure_cosmos_writes_no_dr,false,200,1596396652033,1596396655943,3909
azure,azure_cosmos_writes_no_dr,false,200,1596396655943,1596396660764,4820
azure,azure_cosmos_writes_no_dr,false,200,1596396660764,1596396667121,6356
azure,azure_cosmos_writes_no_dr,false,200,1596396667121,1596396672892,5770
azure,azure_cosmos_writes_no_dr,false,200,1596396672892,1596396676742,3849
azure,azure_cosmos_writes_no_dr,false,200,1596396676742,1596396681401,4658
azure,azure_cosmos_writes_no_dr,false,200,1596396681401,1596396684878,3476
azure,azure_cosmos_writes_no_dr,false,200,1596396684878,1596396689460,4581
azure,azure_cosmos_writes_no_dr,false,200,1596396689460,1596396694368,4907
azure,azure_cosmos_writes_no_dr,false,200,1596396694368,1596396698034,3665
azure,azure_cosmos_writes_no_dr,false,200,1596396698034,1596396701382,3347
azure,azure_cosmos_writes_no_dr,false,200,1596396701382,1596396706343,4960
azure,azure_cosmos_writes_no_dr,false,200,1596396706343,1596396710717,4373
azure,azure_cosmos_writes_no_dr,false,200,1596396710717,1596396718600,7882
azure,azure_cosmos_writes_no_dr,false,200,1596396718600,1596396723992,5392
azure,azure_cosmos_writes_no_dr,false,200,1596396723992,1596396727745,3752
azure,azure_cosmos_writes_no_dr,false,200,1596396727745,1596396732153,4407
azure,azure_cosmos_writes_no_dr,false,200,1596396732153,1596396737708,5554
azure,azure_cosmos_writes_no_dr,false,200,1596396737708,1596396741987,4278
azure,azure_cosmos_writes_no_dr,false,200,1596396741987,1596396744687,2699
azure,azure_cosmos_writes_no_dr,false,200,1596396744687,1596396748147,3459
azure,azure_cosmos_writes_no_dr,false,200,1596396748147,1596396752312,4164
azure,azure_cosmos_writes_no_dr,false,200,1596396752312,1596396757567,5254
azure,azure_cosmos_writes_no_dr,false,200,1596396757567,1596396764615,7047
azure,azure_cosmos_writes_no_dr,false,200,1596396764615,1596396768460,3844
azure,azure_cosmos_writes_no_dr,false,200,1596396768460,1596396771829,3368
azure,azure_cosmos_writes_no_dr,false,200,1596396771829,1596396775433,3603
azure,azure_cosmos_writes_no_dr,false,200,1596396775433,1596396782579,7145
azure,azure_cosmos_writes_no_dr,false,200,1596396782579,1596396786389,3810
azure,azure_cosmos_writes_no_dr,false,200,1596396786389,1596396789429,3040
azure,azure_cosmos_writes_no_dr,false,200,1596396789429,1596396793228,3798
azure,azure_cosmos_writes_no_dr,false,200,1596396793228,1596396798933,5704
azure,azure_cosmos_writes_no_dr,false,200,1596396798933,1596396802587,3653
azure,azure_cosmos_writes_no_dr,false,200,1596396802587,1596396806522,3934
azure,azure_cosmos_writes_no_dr,false,200,1596396806522,1596396811865,5342
azure,azure_cosmos_writes_no_dr,false,200,1596396811865,1596396816582,4716
azure,azure_cosmos_writes_no_dr,false,200,1596396816582,1596396823953,7371
azure,azure_cosmos_writes_no_dr,false,200,1596396823953,1596396828101,4147
azure,azure_cosmos_writes_no_dr,false,200,1596396828101,1596396830692,2590
azure,azure_cosmos_writes_no_dr,false,200,1596396830692,1596396835028,4335
azure,azure_cosmos_writes_no_dr,false,200,1596396835028,1596396839742,4713
azure,azure_cosmos_writes_no_dr,false,200,1596396839742,1596396843591,3849
azure,azure_cosmos_writes_no_dr,false,200,1596396843591,1596396847398,3806
azure,azure_cosmos_writes_no_dr,false,200,1596396847398,1596396853128,5729
azure,azure_cosmos_writes_no_dr,false,200,1596396853128,1596396856941,3813
azure,azure_cosmos_writes_no_dr,false,200,1596396856941,1596396861221,4279
azure,azure_cosmos_writes_no_dr,false,200,1596396861221,1596396864509,3287
azure,azure_cosmos_writes_no_dr,false,200,1596396864509,1596396869001,4491
azure,azure_cosmos_writes_no_dr,false,200,1596396869001,1596396873377,4375
azure,azure_cosmos_writes_no_dr,false,200,1596396873377,1596396877887,4509
azure,azure_cosmos_writes_no_dr,false,200,1596396877887,1596396882566,4678
azure,azure_cosmos_writes_no_dr,false,200,1596396882566,1596396888026,5459
azure,azure_cosmos_writes_no_dr,false,200,1596396888026,1596396891336,3309
azure,azure_cosmos_writes_no_dr,false,200,1596396891336,1596396894896,3559
azure,azure_cosmos_writes_no_dr,false,200,1596396894896,1596396899638,4741
azure,azure_cosmos_writes_no_dr,false,200,1596396899638,1596396905471,5832
azure,azure_cosmos_writes_no_dr,false,200,1596396905471,1596396911261,5789
azure,azure_cosmos_writes_no_dr,false,200,1596396911261,1596396915956,4694
azure,azure_cosmos_writes_no_dr,false,200,1596396915956,1596396920901,4944
azure,azure_cosmos_writes_no_dr,false,200,1596396920901,1596396926047,5145
azure,azure_cosmos_writes_no_dr,false,200,1596396926047,1596396931553,5505
azure,azure_cosmos_writes_no_dr,false,200,1596396931553,1596396937004,5450
azure,azure_cosmos_writes_no_dr,false,200,1596396937004,1596396939600,2595
azure,azure_cosmos_writes_no_dr,false,200,1596396939600,1596396944734,5133
azure,azure_cosmos_writes_no_dr,false,200,1596396944734,1596396951057,6322
azure,azure_cosmos_writes_no_dr,false,200,1596396951057,1596396953757,2699
azure,azure_cosmos_writes_no_dr,false,200,1596396953757,1596396958577,4819
azure,azure_cosmos_writes_no_dr,false,200,1596396958577,1596396963291,4713
azure,azure_cosmos_writes_no_dr,false,200,1596396963291,1596396967781,4489
azure,azure_cosmos_writes_no_dr,false,200,1596396967781,1596396971965,4183
azure,azure_cosmos_writes_no_dr,false,200,1596396971965,1596396976575,4609
azure,azure_cosmos_writes_no_dr,false,200,1596396976575,1596396981574,4998
azure,azure_cosmos_writes_no_dr,false,200,1596396981574,1596396986769,5194
azure,azure_cosmos_writes_no_dr,false,200,1596396986769,1596396990484,3714
azure,azure_cosmos_writes_no_dr,false,200,1596396990484,1596396994291,3806
azure,azure_cosmos_writes_no_dr,false,200,1596396994291,1596396998832,4540
azure,azure_cosmos_writes_no_dr,false,200,1596396998832,1596397003664,4831
azure,azure_cosmos_writes_no_dr,false,200,1596397003664,1596397006795,3130
azure,azure_cosmos_writes_no_dr,false,200,1596397006795,1596397010829,4033
azure,azure_cosmos_writes_no_dr,false,200,1596397010829,1596397019230,8400
azure,azure_cosmos_writes_no_dr,false,200,1596397019230,1596397023729,4498
azure,azure_cosmos_writes_no_dr,false,200,1596397023729,1596397028365,4635
azure,azure_cosmos_writes_no_dr,false,200,1596397028365,1596397032182,3816
azure,azure_cosmos_writes_no_dr,false,200,1596397032182,1596397035815,3632
azure,azure_cosmos_writes_no_dr,false,200,1596397035815,1596397043641,7825
azure,azure_cosmos_writes_no_dr,false,200,1596397043641,1596397048256,4614
azure,azure_cosmos_writes_no_dr,false,200,1596397048256,1596397053685,5428
azure,azure_cosmos_writes_no_dr,false,200,1596397053685,1596397057813,4127
azure,azure_cosmos_writes_no_dr,false,200,1596397057813,1596397062812,4998
azure,azure_cosmos_writes_no_dr,false,200,1596397062812,1596397067593,4780
azure,azure_cosmos_writes_no_dr,false,200,1596397067593,1596397072601,5008
azure,azure_cosmos_writes_no_dr,false,200,1596397072601,1596397077555,4953
azure,azure_cosmos_writes_no_dr,false,200,1596397077555,1596397082535,4979
azure,azure_cosmos_writes_no_dr,false,200,1596397082535,1596397089404,6868
azure,azure_cosmos_writes_no_dr,false,200,1596397089404,1596397094102,4697
azure,azure_cosmos_writes_no_dr,false,200,1596397094102,1596397098219,4116
azure,azure_cosmos_writes_no_dr,false,200,1596397098219,1596397102637,4418
azure,azure_cosmos_writes_no_dr,false,200,1596397102637,1596397107102,4465
azure,azure_cosmos_writes_no_dr,false,200,1596397107102,1596397112114,5011
azure,azure_cosmos_writes_no_dr,false,200,1596397112114,1596397116807,4692
azure,azure_cosmos_writes_no_dr,false,200,1596397116807,1596397121610,4802
azure,azure_cosmos_writes_no_dr,false,200,1596397121610,1596397125418,3807
azure,azure_cosmos_writes_no_dr,false,200,1596397125418,1596397130349,4930
azure,azure_cosmos_writes_no_dr,false,200,1596397130349,1596397134868,4518
azure,azure_cosmos_writes_no_dr,false,200,1596397134868,1596397139416,4547
azure,azure_cosmos_writes_no_dr,false,200,1596397139416,1596397145138,5721
azure,azure_cosmos_writes_no_dr,false,200,1596397145138,1596397148991,3853
azure,azure_cosmos_writes_no_dr,false,200,1596397148991,1596397153889,4897
azure,azure_cosmos_writes_no_dr,false,200,1596397153889,1596397157437,3547
azure,azure_cosmos_writes_no_dr,false,200,1596397157437,1596397162532,5094
azure,azure_cosmos_writes_no_dr,false,200,1596397162532,1596397166372,3839
azure,azure_cosmos_writes_no_dr,false,200,1596397166372,1596397173599,7226
azure,azure_cosmos_writes_no_dr,false,200,1596397173599,1596397177349,3749
azure,azure_cosmos_writes_no_dr,false,200,1596397177349,1596397182632,5282
azure,azure_cosmos_writes_no_dr,false,200,1596397182632,1596397186542,3909
azure,azure_cosmos_writes_no_dr,false,200,1596397186542,1596397191606,5063
azure,azure_cosmos_writes_no_dr,false,200,1596397191606,1596397195709,4102
azure,azure_cosmos_writes_no_dr,false,200,1596397195709,1596397199554,3844
azure,azure_cosmos_writes_no_dr,false,200,1596397199554,1596397202496,2941
azure,azure_cosmos_writes_no_dr,false,200,1596397202496,1596397208228,5731
azure,azure_cosmos_writes_no_dr,false,200,1596397208228,1596397212910,4681
azure,azure_cosmos_writes_no_dr,false,200,1596397212910,1596397216693,3782
azure,azure_cosmos_writes_no_dr,false,200,1596397216693,1596397222523,5829
azure,azure_cosmos_writes_no_dr,false,200,1596397222523,1596397228231,5707
azure,azure_cosmos_writes_no_dr,false,200,1596397228231,1596397232486,4254
azure,azure_cosmos_writes_no_dr,false,200,1596397232486,1596397237572,5085
azure,azure_cosmos_writes_no_dr,false,200,1596397237572,1596397242515,4942
azure,azure_cosmos_writes_no_dr,false,200,1596397242515,1596397248124,5608
azure,azure_cosmos_writes_no_dr,false,200,1596397248124,1596397252809,4684
azure,azure_cosmos_writes_no_dr,false,200,1596397252809,1596397257217,4407
azure,azure_cosmos_writes_no_dr,false,200,1596397257217,1596397261741,4523
azure,azure_cosmos_writes_no_dr,false,200,1596397261741,1596397266536,4794
azure,azure_cosmos_writes_no_dr,false,200,1596397266536,1596397271017,4480
azure,azure_cosmos_writes_no_dr,false,200,1596397271017,1596397274494,3476
azure,azure_cosmos_writes_no_dr,false,200,1596397274494,1596397284698,10203
azure,azure_cosmos_writes_no_dr,false,200,1596397284698,1596397290673,5975
azure,azure_cosmos_writes_no_dr,false,200,1596397290673,1596397296225,5551
azure,azure_cosmos_writes_no_dr,false,200,1596397296225,1596397301688,5462
azure,azure_cosmos_writes_no_dr,false,200,1596397301688,1596397307104,5416
azure,azure_cosmos_writes_no_dr,false,200,1596397307104,1596397311143,4038
azure,azure_cosmos_writes_no_dr,false,200,1596397311143,1596397314775,3631
azure,azure_cosmos_writes_no_dr,false,200,1596397314775,1596397320327,5551
azure,azure_cosmos_writes_no_dr,false,200,1596397320327,1596397324229,3901
azure,azure_cosmos_writes_no_dr,false,200,1596397324229,1596397328817,4587
azure,azure_cosmos_writes_no_dr,false,200,1596397328817,1596397332356,3538
azure,azure_cosmos_writes_no_dr,false,200,1596397332356,1596397336817,4460
azure,azure_cosmos_writes_no_dr,false,200,1596397336817,1596397340422,3604
azure,azure_cosmos_writes_no_dr,false,200,1596397340422,1596397344932,4509
azure,azure_cosmos_writes_no_dr,false,200,1596397344932,1596397349279,4347
azure,azure_cosmos_writes_no_dr,false,200,1596397349279,1596397353698,4418
azure,azure_cosmos_writes_no_dr,false,200,1596397353698,1596397361412,7713
azure,azure_cosmos_writes_no_dr,false,200,1596397361412,1596397366700,5287
azure,azure_cosmos_writes_no_dr,false,200,1596397366700,1596397370549,3849
azure,azure_cosmos_writes_no_dr,false,200,1596397370549,1596397375098,4548
azure,azure_cosmos_writes_no_dr,false,200,1596397375098,1596397379143,4044
azure,azure_cosmos_writes_no_dr,false,200,1596397379143,1596397384104,4960
azure,azure_cosmos_writes_no_dr,false,200,1596397384104,1596397387544,3440
azure,azure_cosmos_writes_no_dr,false,200,1596397387544,1596397392125,4580
azure,azure_cosmos_writes_no_dr,false,200,1596397392125,1596397397670,5545
azure,azure_cosmos_writes_no_dr,false,200,1596397397670,1596397404152,6482
azure,azure_cosmos_writes_no_dr,false,200,1596397404152,1596397408713,4560
azure,azure_cosmos_writes_no_dr,false,200,1596397408713,1596397412537,3823
azure,azure_cosmos_writes_no_dr,false,200,1596397412537,1596397418667,6129
azure,azure_cosmos_writes_no_dr,false,200,1596397418667,1596397426939,8271
azure,azure_cosmos_writes_no_dr,false,200,1596397426939,1596397431904,4964
azure,azure_cosmos_writes_no_dr,false,200,1596397431904,1596397438269,6364
azure,azure_cosmos_writes_no_dr,false,200,1596397438269,1596397444372,6102
azure,azure_cosmos_writes_no_dr,false,200,1596397444372,1596397448781,4408
azure,azure_cosmos_writes_no_dr,false,200,1596397448781,1596397453641,4859
azure,azure_cosmos_writes_no_dr,false,200,1596397453641,1596397457924,4282
azure,azure_cosmos_writes_no_dr,false,200,1596397457924,1596397462597,4672
azure,azure_cosmos_writes_no_dr,false,200,1596397462597,1596397467295,4697
azure,azure_cosmos_writes_no_dr,false,200,1596397467295,1596397471696,4400
azure,azure_cosmos_writes_no_dr,false,200,1596397471696,1596397475870,4173
azure,azure_cosmos_writes_no_dr,false,200,1596397475870,1596397480500,4629
azure,azure_cosmos_writes_no_dr,false,200,1596397480500,1596397485861,5360
azure,azure_cosmos_writes_no_dr,false,200,1596397485861,1596397490553,4691
azure,azure_cosmos_writes_no_dr,false,200,1596397490553,1596397495517,4963
azure,azure_cosmos_writes_no_dr,false,200,1596397495517,1596397499521,4004
azure,azure_cosmos_writes_no_dr,false,200,1596397499521,1596397504210,4688
azure,azure_cosmos_writes_no_dr,false,200,1596397504210,1596397509309,5098
azure,azure_cosmos_writes_no_dr,false,200,1596397509309,1596397513725,4416
azure,azure_cosmos_writes_no_dr,false,200,1596397513725,1596397518415,4689
azure,azure_cosmos_writes_no_dr,false,200,1596397518415,1596397522789,4373
azure,azure_cosmos_writes_no_dr,false,200,1596397522789,1596397526119,3329
azure,azure_cosmos_writes_no_dr,false,200,1596397526119,1596397530446,4326
azure,azure_cosmos_writes_no_dr,false,200,1596397530446,1596397535606,5160
azure,azure_cosmos_writes_no_dr,false,200,1596397535606,1596397539337,3730
azure,azure_cosmos_writes_no_dr,false,200,1596397539337,1596397543976,4638
azure,azure_cosmos_writes_no_dr,false,200,1596397543976,1596397547940,3963
azure,azure_cosmos_writes_no_dr,false,200,1596397547940,1596397551949,4008
azure,azure_cosmos_writes_no_dr,false,200,1596397551949,1596397557023,5073
azure,azure_cosmos_writes_no_dr,false,200,1596397557023,1596397561123,4100
azure,azure_cosmos_writes_no_dr,false,200,1596397561123,1596397565646,4522
azure,azure_cosmos_writes_no_dr,false,200,1596397565646,1596397570449,4802
azure,azure_cosmos_writes_no_dr,false,200,1596397570449,1596397575147,4697
azure,azure_cosmos_writes_no_dr,false,200,1596397575147,1596397580231,5083
azure,azure_cosmos_writes_no_dr,false,200,1596397580231,1596397584982,4751
azure,azure_cosmos_writes_no_dr,false,200,1596397584982,1596397589803,4820
azure,azure_cosmos_writes_no_dr,false,200,1596397589803,1596397593653,3849
azure,azure_cosmos_writes_no_dr,false,200,1596397593653,1596397596244,2590
azure,azure_cosmos_writes_no_dr,false,200,1596397596244,1596397600200,3955
azure,azure_cosmos_writes_no_dr,false,200,1596397600200,1596397605247,5046
azure,azure_cosmos_writes_no_dr,false,200,1596397605247,1596397608795,3547
azure,azure_cosmos_writes_no_dr,false,200,1596397608795,1596397613193,4397
azure,azure_cosmos_writes_no_dr,false,200,1596397613193,1596397618551,5357
azure,azure_cosmos_writes_no_dr,false,200,1596397618551,1596397622925,4373
azure,azure_cosmos_writes_no_dr,false,200,1596397622925,1596397628231,5305
azure,azure_cosmos_writes_no_dr,false,200,1596397628231,1596397634871,6639
azure,azure_cosmos_writes_no_dr,false,200,1596397634871,1596397639816,4944
azure,azure_cosmos_writes_no_dr,false,200,1596397639816,1596397644608,4791
azure,azure_cosmos_writes_no_dr,false,200,1596397644608,1596397649006,4398
azure,azure_cosmos_writes_no_dr,false,200,1596397649006,1596397654680,5673
azure,azure_cosmos_writes_no_dr,false,200,1596397654680,1596397657651,2970
azure,azure_cosmos_writes_no_dr,false,200,1596397657651,1596397662993,5341
azure,azure_cosmos_writes_no_dr,false,200,1596397662993,1596397668648,5655
azure,azure_cosmos_writes_no_dr,false,200,1596397668648,1596397672059,3410
azure,azure_cosmos_writes_no_dr,false,200,1596397672059,1596397675988,3928
azure,azure_cosmos_writes_no_dr,false,200,1596397675988,1596397680643,4654
azure,azure_cosmos_writes_no_dr,false,200,1596397680643,1596397684648,4004
azure,azure_cosmos_writes_no_dr,false,200,1596397684648,1596397689508,4859
azure,azure_cosmos_writes_no_dr,false,200,1596397689508,1596397693882,4373
azure,azure_cosmos_writes_no_dr,false,200,1596397693882,1596397698824,4941
azure,azure_cosmos_writes_no_dr,false,200,1596397698824,1596397703413,4588
azure,azure_cosmos_writes_no_dr,false,200,1596397703413,1596397708127,4713
azure,azure_cosmos_writes_no_dr,false,200,1596397708127,1596397713322,5194
azure,azure_cosmos_writes_no_dr,false,200,1596397713322,1596397718029,4706
azure,azure_cosmos_writes_no_dr,false,200,1596397718029,1596397722273,4243
azure,azure_cosmos_writes_no_dr,false,200,1596397722273,1596397726886,4612
azure,azure_cosmos_writes_no_dr,false,200,1596397726886,1596397730920,4033
azure,azure_cosmos_writes_no_dr,false,200,1596397730920,1596397735123,4203
azure,azure_cosmos_writes_no_dr,false,200,1596397735123,1596397742103,6979
azure,azure_cosmos_writes_no_dr,false,200,1596397742103,1596397745953,3849
azure,azure_cosmos_writes_no_dr,false,200,1596397745953,1596397750854,4900
azure,azure_cosmos_writes_no_dr,false,200,1596397750854,1596397755409,4554
azure,azure_cosmos_writes_no_dr,false,200,1596397755409,1596397759870,4460
azure,azure_cosmos_writes_no_dr,false,200,1596397759870,1596397765213,5342
azure,azure_cosmos_writes_no_dr,false,200,1596397765213,1596397769651,4437
azure,azure_cosmos_writes_no_dr,false,200,1596397769651,1596397773671,4019
azure,azure_cosmos_writes_no_dr,false,200,1596397773671,1596397778905,5234
azure,azure_cosmos_writes_no_dr,false,200,1596397778905,1596397783546,4640
azure,azure_cosmos_writes_no_dr,false,200,1596397783546,1596397788232,4685
azure,azure_cosmos_writes_no_dr,false,200,1596397788232,1596397793062,4829
azure,azure_cosmos_writes_no_dr,false,200,1596397793062,1596397796608,3545
azure,azure_cosmos_writes_no_dr,false,200,1596397796608,1596397799958,3349
azure,azure_cosmos_writes_no_dr,false,200,1596397799958,1596397804803,4844
azure,azure_cosmos_writes_no_dr,false,200,1596397804803,1596397808083,3279
azure,azure_cosmos_writes_no_dr,false,200,1596397808083,1596397812768,4685
azure,azure_cosmos_writes_no_dr,false,200,1596397812768,1596397817626,4857
azure,azure_cosmos_writes_no_dr,false,200,1596397817626,1596397822265,4639
azure,azure_cosmos_writes_no_dr,false,200,1596397822265,1596397826423,4157
azure,azure_cosmos_writes_no_dr,false,200,1596397826423,1596397831700,5276
azure,azure_cosmos_writes_no_dr,false,200,1596397831700,1596397836706,5005
azure,azure_cosmos_writes_no_dr,false,200,1596397836706,1596397841961,5254
azure,azure_cosmos_writes_no_dr,false,200,1596397841961,1596397846672,4710