azure,azure_storage_writes_no_dr,false,200,1596483695889,1596483700490,4600
azure,azure_storage_writes_no_dr,false,200,1596483700490,1596483707878,7387
azure,azure_storage_writes_no_dr,false,200,1596483707878,1596483713402,5523
azure,azure_storage_writes_no_dr,false,200,1596483713402,1596483717933,4530
azure,azure_storage_writes_no_dr,false,200,1596483717933,1596483722661,4728
azure,azure_storage_writes_no_dr,false,200,1596483722661,1596483727939,5277
azure,azure_storage_writes_no_dr,false,200,1596483727939,1596483731207,3267
azure,azure_storage_writes_no_dr,false,200,1596483731207,1596483735605,4397
azure,azure_storage_writes_no_dr,false,200,1596483735605,1596483739664,4059
azure,azure_storage_writes_no_dr,false,200,1596483739664,1596483744237,4572
azure,azure_storage_writes_no_dr,false,200,1596483744237,1596483749470,5232
azure,azure_storage_writes_no_dr,false,200,1596483749470,1596483754477,5006
azure,azure_storage_writes_no_dr,false,200,1596483754477,1596483759564,5086
azure,azure_storage_writes_no_dr,false,200,1596483759564,1596483764653,5088
azure,azure_storage_writes_no_dr,false,200,1596483764653,1596483769606,4952
azure,azure_storage_writes_no_dr,false,200,1596483769606,1596483774694,5087
azure,azure_storage_writes_no_dr,false,200,1596483774694,1596483780724,6029
azure,azure_storage_writes_no_dr,false,200,1596483780724,1596483784101,3377
azure,azure_storage_writes_no_dr,false,200,1596483784101,1596483791793,7691
azure,azure_storage_writes_no_dr,false,200,1596483791793,1596483796947,5153
azure,azure_storage_writes_no_dr,false,200,1596483796947,1596483799975,3028
azure,azure_storage_writes_no_dr,false,200,1596483799975,1596483805054,5078
azure,azure_storage_writes_no_dr,false,200,1596483805054,1596483809704,4649
azure,azure_storage_writes_no_dr,false,200,1596483809704,1596483816995,7290
azure,azure_storage_writes_no_dr,false,200,1596483816995,1596483820309,3313
azure,azure_storage_writes_no_dr,false,200,1596483820309,1596483825251,4941
azure,azure_storage_writes_no_dr,false,200,1596483825251,1596483829026,3775
azure,azure_storage_writes_no_dr,false,200,1596483829026,1596483834253,5226
azure,azure_storage_writes_no_dr,false,200,1596483834253,1596483838549,4295
azure,azure_storage_writes_no_dr,false,200,1596483838549,1596483845646,7096
azure,azure_storage_writes_no_dr,false,200,1596483845646,1596483851316,5669
azure,azure_storage_writes_no_dr,false,200,1596483851316,1596483857879,6563
azure,azure_storage_writes_no_dr,false,200,1596483857879,1596483862329,4449
azure,azure_storage_writes_no_dr,false,200,1596483862329,1596483865505,3176
azure,azure_storage_writes_no_dr,false,200,1596483865505,1596483872185,6679
azure,azure_storage_writes_no_dr,false,200,1596483872185,1596483876855,4669
azure,azure_storage_writes_no_dr,false,200,1596483876855,1596483881295,4439
azure,azure_storage_writes_no_dr,false,200,1596483881295,1596483884925,3629
azure,azure_storage_writes_no_dr,false,200,1596483884925,1596483887805,2879
azure,azure_storage_writes_no_dr,false,200,1596483887805,1596483894299,6494
azure,azure_storage_writes_no_dr,false,200,1596483894299,1596483897432,3132
azure,azure_storage_writes_no_dr,false,200,1596483897432,1596483903361,5928
azure,azure_storage_writes_no_dr,false,200,1596483903361,1596483908337,4975
azure,azure_storage_writes_no_dr,false,200,1596483908337,1596483913566,5228
azure,azure_storage_writes_no_dr,false,200,1596483913566,1596483918959,5392
azure,azure_storage_writes_no_dr,false,200,1596483918959,1596483928189,9229
azure,azure_storage_writes_no_dr,false,200,1596483928189,1596483935398,7208
azure,azure_storage_writes_no_dr,false,200,1596483935398,1596483938901,3502
azure,azure_storage_writes_no_dr,false,200,1596483938901,1596483943931,5029
azure,azure_storage_writes_no_dr,false,200,1596483943931,1596483947383,3451
azure,azure_storage_writes_no_dr,false,200,1596483947383,1596483954826,7442
azure,azure_storage_writes_no_dr,false,200,1596483954826,1596483960174,5348
azure,azure_storage_writes_no_dr,false,200,1596483960174,1596483965464,5289
azure,azure_storage_writes_no_dr,false,200,1596483965464,1596483969628,4163
azure,azure_storage_writes_no_dr,false,200,1596483969628,1596483973019,3390
azure,azure_storage_writes_no_dr,false,200,1596483973019,1596483978226,5206
azure,azure_storage_writes_no_dr,false,200,1596483978226,1596483982902,4675
azure,azure_storage_writes_no_dr,false,200,1596483982902,1596483989935,7032
azure,azure_storage_writes_no_dr,false,200,1596483989935,1596483994747,4811
azure,azure_storage_writes_no_dr,false,200,1596483994747,1596484001759,7011
azure,azure_storage_writes_no_dr,false,200,1596484001759,1596484005645,3885
azure,azure_storage_writes_no_dr,false,200,1596484005645,1596484012631,6985
azure,azure_storage_writes_no_dr,false,200,1596484012631,1596484017464,4832
azure,azure_storage_writes_no_dr,false,200,1596484017464,1596484022376,4911
azure,azure_storage_writes_no_dr,false,200,1596484022376,1596484027458,5081
azure,azure_storage_writes_no_dr,false,200,1596484027458,1596484033080,5621
azure,azure_storage_writes_no_dr,false,200,1596484033080,1596484039627,6547
azure,azure_storage_writes_no_dr,false,200,1596484039627,1596484047973,8345
azure,azure_storage_writes_no_dr,false,200,1596484047973,1596484056312,8338
azure,azure_storage_writes_no_dr,false,200,1596484056312,1596484060805,4492
azure,azure_storage_writes_no_dr,false,200,1596484060805,1596484065443,4637
azure,azure_storage_writes_no_dr,false,200,1596484065443,1596484069734,4290
azure,azure_storage_writes_no_dr,false,200,1596484069734,1596484072110,2375
azure,azure_storage_writes_no_dr,false,200,1596484072110,1596484076780,4669
azure,azure_storage_writes_no_dr,false,200,1596484076780,1596484082126,5345
azure,azure_storage_writes_no_dr,false,200,1596484082126,1596484089893,7766
azure,azure_storage_writes_no_dr,false,200,1596484089893,1596484095546,5652
azure,azure_storage_writes_no_dr,false,200,1596484095546,1596484100638,5091
azure,azure_storage_writes_no_dr,false,200,1596484100638,1596484105197,4558
azure,azure_storage_writes_no_dr,false,200,1596484105197,1596484108511,3313
azure,azure_storage_writes_no_dr,false,200,1596484108511,1596484115943,7431
azure,azure_storage_writes_no_dr,false,200,1596484115943,1596484124247,8303
azure,azure_storage_writes_no_dr,false,200,1596484124247,1596484132036,7788
azure,azure_storage_writes_no_dr,false,200,1596484132036,1596484137318,5281
azure,azure_storage_writes_no_dr,false,200,1596484137318,1596484144086,6768
azure,azure_storage_writes_no_dr,false,200,1596484144086,1596484148221,4135
azure,azure_storage_writes_no_dr,false,200,1596484148221,1596484153068,4846
azure,azure_storage_writes_no_dr,false,200,1596484153068,1596484158600,5531
azure,azure_storage_writes_no_dr,false,200,1596484158600,1596484164308,5707
azure,azure_storage_writes_no_dr,false,200,1596484164308,1596484169344,5035
azure,azure_storage_writes_no_dr,false,200,1596484169344,1596484176787,7442
azure,azure_storage_writes_no_dr,false,200,1596484176787,1596484180609,3821
azure,azure_storage_writes_no_dr,false,200,1596484180609,1596484183378,2768
azure,azure_storage_writes_no_dr,false,200,1596484183378,1596484187782,4403
azure,azure_storage_writes_no_dr,false,200,1596484187782,1596484193687,5904
azure,azure_storage_writes_no_dr,false,200,1596484193687,1596484198467,4780
azure,azure_storage_writes_no_dr,false,200,1596484198467,1596484203594,5127
azure,azure_storage_writes_no_dr,false,200,1596484203594,1596484210778,7183
azure,azure_storage_writes_no_dr,false,200,1596484210778,1596484214372,3593
azure,azure_storage_writes_no_dr,false,200,1596484214372,1596484220127,5754
azure,azure_storage_writes_no_dr,false,200,1596484220127,1596484226679,6551
azure,azure_storage_writes_no_dr,false,200,1596484226679,1596484230896,4216
azure,azure_storage_writes_no_dr,false,200,1596484230896,1596484236455,5558
azure,azure_storage_writes_no_dr,false,200,1596484236455,1596484240660,4204
azure,azure_storage_writes_no_dr,false,200,1596484240660,1596484246822,6161
azure,azure_storage_writes_no_dr,false,200,1596484246822,1596484252451,5628
azure,azure_storage_writes_no_dr,false,200,1596484252451,1596484259876,7424
azure,azure_storage_writes_no_dr,false,200,1596484259876,1596484267462,7586
azure,azure_storage_writes_no_dr,false,200,1596484267462,1596484272519,5056
azure,azure_storage_writes_no_dr,false,200,1596484272519,1596484279906,7387
azure,azure_storage_writes_no_dr,false,200,1596484279906,1596484284097,4190
azure,azure_storage_writes_no_dr,false,200,1596484284097,1596484289916,5818
azure,azure_storage_writes_no_dr,false,200,1596484289916,1596484295651,5734
azure,azure_storage_writes_no_dr,false,200,1596484295651,1596484299877,4225
azure,azure_storage_writes_no_dr,false,200,1596484299877,1596484306463,6585
azure,azure_storage_writes_no_dr,false,200,1596484306463,1596484311929,5465
azure,azure_storage_writes_no_dr,false,200,1596484311929,1596484315328,3399
azure,azure_storage_writes_no_dr,false,200,1596484315328,1596484318859,3530
azure,azure_storage_writes_no_dr,false,200,1596484318859,1596484324454,5595
azure,azure_storage_writes_no_dr,false,200,1596484324454,1596484331720,7265
azure,azure_storage_writes_no_dr,false,200,1596484331720,1596484335936,4215
azure,azure_storage_writes_no_dr,false,200,1596484335936,1596484340275,4338
azure,azure_storage_writes_no_dr,false,200,1596484340275,1596484346341,6065
azure,azure_storage_writes_no_dr,false,200,1596484346341,1596484350700,4358
azure,azure_storage_writes_no_dr,false,200,1596484350700,1596484354248,3547
azure,azure_storage_writes_no_dr,false,200,1596484354248,1596484358474,4225
azure,azure_storage_writes_no_dr,false,200,1596484358474,1596484363219,4744
azure,azure_storage_writes_no_dr,false,200,1596484363219,1596484365381,2161
azure,azure_storage_writes_no_dr,false,200,1596484365381,1596484369378,3996
azure,azure_storage_writes_no_dr,false,200,1596484369378,1596484375054,5675
azure,azure_storage_writes_no_dr,false,200,1596484375054,1596484379153,4098
azure,azure_storage_writes_no_dr,false,200,1596484379153,1596484384941,5787
azure,azure_storage_writes_no_dr,false,200,1596484384941,1596484388218,3276
azure,azure_storage_writes_no_dr,false,200,1596484388218,1596484393217,4998
azure,azure_storage_writes_no_dr,false,200,1596484393217,1596484397080,3862
azure,azure_storage_writes_no_dr,false,200,1596484397080,1596484402167,5086
azure,azure_storage_writes_no_dr,false,200,1596484402167,1596484405562,3394
azure,azure_storage_writes_no_dr,false,200,1596484405562,1596484409675,4112
azure,azure_storage_writes_no_dr,false,200,1596484409675,1596484412953,3277
azure,azure_storage_writes_no_dr,false,200,1596484412953,1596484417867,4913
azure,azure_storage_writes_no_dr,false,200,1596484417867,1596484423614,5746
azure,azure_storage_writes_no_dr,false,200,1596484423614,1596484428870,5255
azure,azure_storage_writes_no_dr,false,200,1596484428870,1596484434078,5207
azure,azure_storage_writes_no_dr,false,200,1596484434078,1596484438562,4483
azure,azure_storage_writes_no_dr,false,200,1596484438562,1596484442461,3899
azure,azure_storage_writes_no_dr,false,200,1596484442461,1596484448402,5940
azure,azure_storage_writes_no_dr,false,200,1596484448402,1596484456184,7781
azure,azure_storage_writes_no_dr,false,200,1596484456184,1596484460774,4589
azure,azure_storage_writes_no_dr,false,200,1596484460774,1596484464711,3936
azure,azure_storage_writes_no_dr,false,200,1596484464711,1596484470286,5574
azure,azure_storage_writes_no_dr,false,200,1596484470286,1596484474201,3914
azure,azure_storage_writes_no_dr,false,200,1596484474201,1596484478084,3882
azure,azure_storage_writes_no_dr,false,200,1596484478084,1596484483698,5613
azure,azure_storage_writes_no_dr,false,200,1596484483698,1596484489083,5384
azure,azure_storage_writes_no_dr,false,200,1596484489083,1596484493778,4694
azure,azure_storage_writes_no_dr,false,200,1596484493778,1596484498904,5125
azure,azure_storage_writes_no_dr,false,200,1596484498904,1596484503568,4663
azure,azure_storage_writes_no_dr,false,200,1596484503568,1596484508941,5372
azure,azure_storage_writes_no_dr,false,200,1596484508941,1596484514796,5854
azure,azure_storage_writes_no_dr,false,200,1596484514796,1596484523411,8614
azure,azure_storage_writes_no_dr,false,200,1596484523411,1596484527173,3761
azure,azure_storage_writes_no_dr,false,200,1596484527173,1596484531806,4632
azure,azure_storage_writes_no_dr,false,200,1596484531806,1596484536347,4540
azure,azure_storage_writes_no_dr,false,200,1596484536347,1596484539808,3460
azure,azure_storage_writes_no_dr,false,200,1596484539808,1596484545269,5460
azure,azure_storage_writes_no_dr,false,200,1596484545269,1596484550938,5668
azure,azure_storage_writes_no_dr,false,200,1596484550938,1596484556774,5835
azure,azure_storage_writes_no_dr,false,200,1596484556774,1596484560881,4106
azure,azure_storage_writes_no_dr,false,200,1596484560881,1596484568223,7342
azure,azure_storage_writes_no_dr,false,200,1596484568223,1596484571718,3494
azure,azure_storage_writes_no_dr,false,200,1596484571718,1596484575624,3905
azure,azure_storage_writes_no_dr,false,200,1596484575624,1596484580564,4940
azure,azure_storage_writes_no_dr,false,200,1596484580564,1596484586403,5838
azure,azure_storage_writes_no_dr,false,200,1596484586403,1596484590510,4106
azure,azure_storage_writes_no_dr,false,200,1596484590510,1596484597089,6578
azure,azure_storage_writes_no_dr,false,200,1596484597089,1596484601371,4282
azure,azure_storage_writes_no_dr,false,200,1596484601371,1596484605235,3864
azure,azure_storage_writes_no_dr,false,200,1596484605235,1596484610892,5656
azure,azure_storage_writes_no_dr,false,200,1596484610892,1596484615942,5049
azure,azure_storage_writes_no_dr,false,200,1596484615942,1596484620763,4820
azure,azure_storage_writes_no_dr,false,200,1596484620763,1596484625223,4459
azure,azure_storage_writes_no_dr,false,200,1596484625223,1596484629844,4620
azure,azure_storage_writes_no_dr,false,200,1596484629844,1596484635051,5206
azure,azure_storage_writes_no_dr,false,200,1596484635051,1596484640274,5222
azure,azure_storage_writes_no_dr,false,200,1596484640274,1596484646773,6498
azure,azure_storage_writes_no_dr,false,200,1596484646773,1596484650022,3248
azure,azure_storage_writes_no_dr,false,200,1596484650022,1596484653332,3309
azure,azure_storage_writes_no_dr,false,200,1596484653332,1596484657212,3879
azure,azure_storage_writes_no_dr,false,200,1596484657212,1596484664093,6880
azure,azure_storage_writes_no_dr,false,200,1596484664093,1596484670422,6328
azure,azure_storage_writes_no_dr,false,200,1596484670422,1596484675351,4928
azure,azure_storage_writes_no_dr,false,200,1596484675351,1596484681430,6078
azure,azure_storage_writes_no_dr,false,200,1596484681430,1596484686461,5030
azure,azure_storage_writes_no_dr,false,200,1596484686461,1596484693345,6883
azure,azure_storage_writes_no_dr,false,200,1596484693345,1596484696755,3410
azure,azure_storage_writes_no_dr,false,200,1596484696755,1596484703416,6660
azure,azure_storage_writes_no_dr,false,200,1596484703416,1596484707097,3680
azure,azure_storage_writes_no_dr,false,200,1596484707097,1596484712422,5324
azure,azure_storage_writes_no_dr,false,200,1596484712422,1596484718007,5584
azure,azure_storage_writes_no_dr,false,200,1596484718007,1596484725313,7306
azure,azure_storage_writes_no_dr,false,200,1596484725313,1596484728443,3130
azure,azure_storage_writes_no_dr,false,200,1596484728443,1596484731589,3145
azure,azure_storage_writes_no_dr,false,200,1596484731589,1596484735375,3785
azure,azure_storage_writes_no_dr,false,200,1596484735375,1596484738671,3295
azure,azure_storage_writes_no_dr,false,200,1596484738671,1596484744348,5676
azure,azure_storage_writes_no_dr,false,200,1596484744348,1596484750594,6245
azure,azure_storage_writes_no_dr,false,200,1596484750594,1596484757435,6840
azure,azure_storage_writes_no_dr,false,200,1596484757435,1596484762056,4620
azure,azure_storage_writes_no_dr,false,200,1596484762056,1596484767626,5569
azure,azure_storage_writes_no_dr,false,200,1596484767626,1596484773539,5912
azure,azure_storage_writes_no_dr,false,200,1596484773539,1596484778598,5058
azure,azure_storage_writes_no_dr,false,200,1596484778598,1596484783839,5240
azure,azure_storage_writes_no_dr,false,200,1596484783839,1596484788734,4894
azure,azure_storage_writes_no_dr,false,200,1596484788734,1596484792392,3657
azure,azure_storage_writes_no_dr,false,200,1596484792392,1596484797100,4707
azure,azure_storage_writes_no_dr,false,200,1596484797100,1596484800730,3629
azure,azure_storage_writes_no_dr,false,200,1596484800730,1596484804160,3429
azure,azure_storage_writes_no_dr,false,200,1596484804160,1596484809157,4996
azure,azure_storage_writes_no_dr,false,200,1596484809157,1596484814508,5350
azure,azure_storage_writes_no_dr,false,200,1596484814508,1596484820150,5641
azure,azure_storage_writes_no_dr,false,200,1596484820150,1596484824896,4745
azure,azure_storage_writes_no_dr,false,200,1596484824896,1596484831827,6930
azure,azure_storage_writes_no_dr,false,200,1596484831827,1596484835679,3851
azure,azure_storage_writes_no_dr,false,200,1596484835679,1596484839933,4253
azure,azure_storage_writes_no_dr,false,200,1596484839933,1596484845074,5140
azure,azure_storage_writes_no_dr,false,200,1596484845074,1596484850251,5176
azure,azure_storage_writes_no_dr,false,200,1596484850251,1596484856266,6014
azure,azure_storage_writes_no_dr,false,200,1596484856266,1596484860589,4323
azure,azure_storage_writes_no_dr,false,200,1596484860589,1596484864524,3935
azure,azure_storage_writes_no_dr,false,200,1596484864524,1596484867850,3325
azure,azure_storage_writes_no_dr,false,200,1596484867850,1596484873724,5873
azure,azure_storage_writes_no_dr,false,200,1596484873724,1596484881570,7845
azure,azure_storage_writes_no_dr,false,200,1596484881570,1596484886368,4798
azure,azure_storage_writes_no_dr,false,200,1596484886368,1596484891793,5424
azure,azure_storage_writes_no_dr,false,200,1596484891793,1596484897038,5244
azure,azure_storage_writes_no_dr,false,200,1596484897038,1596484902127,5088
azure,azure_storage_writes_no_dr,false,200,1596484902127,1596484906872,4744
azure,azure_storage_writes_no_dr,false,200,1596484906872,1596484911671,4798
azure,azure_storage_writes_no_dr,false,200,1596484911671,1596484917509,5837
azure,azure_storage_writes_no_dr,false,200,1596484917509,1596484922394,4884
azure,azure_storage_writes_no_dr,false,200,1596484922394,1596484927236,4841
azure,azure_storage_writes_no_dr,false,200,1596484927236,1596484932855,5619
azure,azure_storage_writes_no_dr,false,200,1596484932855,1596484939471,6615
azure,azure_storage_writes_no_dr,false,200,1596484939471,1596484944057,4585
azure,azure_storage_writes_no_dr,false,200,1596484944057,1596484949763,5705
azure,azure_storage_writes_no_dr,false,200,1596484949763,1596484957049,7285
azure,azure_storage_writes_no_dr,false,200,1596484957049,1596484966257,9207
azure,azure_storage_writes_no_dr,false,200,1596484966257,1596484971247,4989
azure,azure_storage_writes_no_dr,false,200,1596484971247,1596484974411,3164
azure,azure_storage_writes_no_dr,false,200,1596484974411,1596484980104,5692
azure,azure_storage_writes_no_dr,false,200,1596484980104,1596484984600,4495
azure,azure_storage_writes_no_dr,false,200,1596484984600,1596484989337,4736
azure,azure_storage_writes_no_dr,false,200,1596484989337,1596484993785,4447
azure,azure_storage_writes_no_dr,false,200,1596484993785,1596484999583,5797
azure,azure_storage_writes_no_dr,false,200,1596484999583,1596485007322,7738
azure,azure_storage_writes_no_dr,false,200,1596485007322,1596485013276,5953
azure,azure_storage_writes_no_dr,false,200,1596485013276,1596485018484,5207
azure,azure_storage_writes_no_dr,false,200,1596485018484,1596485024346,5861
azure,azure_storage_writes_no_dr,false,200,1596485024346,1596485032072,7725
azure,azure_storage_writes_no_dr,false,200,1596485032072,1596485035896,3823
azure,azure_storage_writes_no_dr,false,200,1596485035896,1596485040396,4499
azure,azure_storage_writes_no_dr,false,200,1596485040396,1596485049153,8756
azure,azure_storage_writes_no_dr,false,200,1596485049153,1596485053247,4093
azure,azure_storage_writes_no_dr,false,200,1596485053247,1596485056820,3572
azure,azure_storage_writes_no_dr,false,200,1596485056820,1596485061876,5055
azure,azure_storage_writes_no_dr,false,200,1596485061876,1596485066865,4988
azure,azure_storage_writes_no_dr,false,200,1596485066865,1596485071499,4633
azure,azure_storage_writes_no_dr,false,200,1596485071499,1596485077319,5819
azure,azure_storage_writes_no_dr,false,200,1596485077319,1596485081021,3701
azure,azure_storage_writes_no_dr,false,200,1596485081021,1596485085610,4588
azure,azure_storage_writes_no_dr,false,200,1596485085610,1596485091228,5617
azure,azure_storage_writes_no_dr,false,200,1596485091228,1596485093735,2506
azure,azure_storage_writes_no_dr,false,200,1596485093735,1596485099146,5410
azure,azure_storage_writes_no_dr,false,200,1596485099146,1596485104734,5587
azure,azure_storage_writes_no_dr,false,200,1596485104734,1596485112004,7269
azure,azure_storage_writes_no_dr,false,200,1596485112004,1596485116981,4976
azure,azure_storage_writes_no_dr,false,200,1596485116981,1596485122139,5157
azure,azure_storage_writes_no_dr,false,200,1596485122139,1596485126050,3910
azure,azure_storage_writes_no_dr,false,200,1596485126050,1596485132530,6479
azure,azure_storage_writes_no_dr,false,200,1596485132530,1596485136933,4402
azure,azure_storage_writes_no_dr,false,200,1596485136933,1596485141234,4301
azure,azure_storage_writes_no_dr,false,200,1596485141234,1596485145299,4064
azure,azure_storage_writes_no_dr,false,200,1596485145299,1596485151872,6572
azure,azure_storage_writes_no_dr,false,200,1596485151872,1596485157788,5915
azure,azure_storage_writes_no_dr,false,200,1596485157788,1596485163116,5327
azure,azure_storage_writes_no_dr,false,200,1596485163116,1596485168073,4957
azure,azure_storage_writes_no_dr,false,200,1596485168073,1596485173563,5489
azure,azure_storage_writes_no_dr,false,200,1596485173563,1596485177637,4074
azure,azure_storage_writes_no_dr,false,200,1596485177637,1596485183399,5761
azure,azure_storage_writes_no_dr,false,200,1596485183399,1596485189462,6062
azure,azure_storage_writes_no_dr,false,200,1596485189462,1596485192476,3013
azure,azure_storage_writes_no_dr,false,200,1596485192476,1596485197970,5493
azure,azure_storage_writes_no_dr,false,200,1596485197970,1596485202702,4731
azure,azure_storage_writes_no_dr,false,200,1596485202702,1596485207401,4698
azure,azure_storage_writes_no_dr,false,200,1596485207401,1596485212278,4876
azure,azure_storage_writes_no_dr,false,200,1596485212278,1596485216970,4691
azure,azure_storage_writes_no_dr,false,200,1596485216970,1596485227530,10559
azure,azure_storage_writes_no_dr,false,200,1596485227530,1596485232530,4999
azure,azure_storage_writes_no_dr,false,200,1596485232530,1596485239222,6691
azure,azure_storage_writes_no_dr,false,200,1596485239222,1596485243845,4622
azure,azure_storage_writes_no_dr,false,200,1596485243845,1596485249766,5920
azure,azure_storage_writes_no_dr,false,200,1596485249766,1596485253169,3402
azure,azure_storage_writes_no_dr,false,200,1596485253169,1596485258059,4889
azure,azure_storage_writes_no_dr,false,200,1596485258059,1596485262598,4538
azure,azure_storage_writes_no_dr,false,200,1596485262598,1596485267079,4480
azure,azure_storage_writes_no_dr,false,200,1596485267079,1596485271150,4071
azure,azure_storage_writes_no_dr,false,200,1596485271150,1596485276361,5210
azure,azure_storage_writes_no_dr,false,200,1596485276361,1596485281646,5284
azure,azure_storage_writes_no_dr,false,200,1596485281646,1596485286816,5170
azure,azure_storage_writes_no_dr,false,200,1596485286816,1596485291370,4553
azure,azure_storage_writes_no_dr,false,200,1596485291370,1596485294168,2797
azure,azure_storage_writes_no_dr,false,200,1596485294168,1596485299149,4981
azure,azure_storage_writes_no_dr,false,200,1596485299149,1596485303728,4578
azure,azure_storage_writes_no_dr,false,200,1596485303728,1596485307372,3643
azure,azure_storage_writes_no_dr,false,200,1596485307372,1596485310862,3489
azure,azure_storage_writes_no_dr,false,200,1596485310862,1596485315532,4669
azure,azure_storage_writes_no_dr,false,200,1596485315532,1596485319247,3714
azure,azure_storage_writes_no_dr,false,200,1596485319247,1596485324510,5262
azure,azure_storage_writes_no_dr,false,200,1596485324510,1596485329332,4821
azure,azure_storage_writes_no_dr,false,200,1596485329332,1596485334673,5340
azure,azure_storage_writes_no_dr,false,200,1596485334673,1596485338967,4293
azure,azure_storage_writes_no_dr,false,200,1596485338967,1596485346192,7224
azure,azure_storage_writes_no_dr,false,200,1596485346192,1596485349844,3651
azure,azure_storage_writes_no_dr,false,200,1596485349844,1596485354312,4467
azure,azure_storage_writes_no_dr,false,200,1596485354312,1596485360088,5776
azure,azure_storage_writes_no_dr,false,200,1596485360088,1596485365916,5827
azure,azure_storage_writes_no_dr,false,200,1596485365916,1596485371683,5766
azure,azure_storage_writes_no_dr,false,200,1596485371683,1596485376799,5116
azure,azure_storage_writes_no_dr,false,200,1596485376799,1596485382166,5366
azure,azure_storage_writes_no_dr,false,200,1596485382166,1596485387889,5722
azure,azure_storage_writes_no_dr,false,200,1596485387889,1596485393087,5197
azure,azure_storage_writes_no_dr,false,200,1596485393087,1596485397172,4084
azure,azure_storage_writes_no_dr,false,200,1596485397172,1596485402817,5644
azure,azure_storage_writes_no_dr,false,200,1596485402817,1596485408361,5543
azure,azure_storage_writes_no_dr,false,200,1596485408361,1596485412810,4448
azure,azure_storage_writes_no_dr,false,200,1596485412810,1596485418296,5485
azure,azure_storage_writes_no_dr,false,200,1596485418296,1596485424175,5878
azure,azure_storage_writes_no_dr,false,200,1596485424175,1596485429570,5394
azure,azure_storage_writes_no_dr,false,200,1596485429570,1596485434596,5025
azure,azure_storage_writes_no_dr,false,200,1596485434596,1596485439128,4531
azure,azure_storage_writes_no_dr,false,200,1596485439128,1596485444858,5729
azure,azure_storage_writes_no_dr,false,200,1596485444858,1596485449895,5036
azure,azure_storage_writes_no_dr,false,200,1596485449895,1596485455749,5853
azure,azure_storage_writes_no_dr,false,200,1596485455749,1596485461719,5969
azure,azure_storage_writes_no_dr,false,200,1596485461719,1596485472280,10560
azure,azure_storage_writes_no_dr,false,200,1596485472280,1596485477912,5632
azure,azure_storage_writes_no_dr,false,200,1596485477912,1596485483234,5321
azure,azure_storage_writes_no_dr,false,200,1596485483234,1596485487447,4213
azure,azure_storage_writes_no_dr,false,200,1596485487447,1596485492612,5164
azure,azure_storage_writes_no_dr,false,200,1596485492612,1596485495945,3332
azure,azure_storage_writes_no_dr,false,200,1596485495945,1596485500669,4723
azure,azure_storage_writes_no_dr,false,200,1596485500669,1596485505846,5176
azure,azure_storage_writes_no_dr,false,200,1596485505846,1596485510343,4496
azure,azure_storage_writes_no_dr,false,200,1596485510343,1596485517827,7483
azure,azure_storage_writes_no_dr,false,200,1596485517827,1596485524459,6631
azure,azure_storage_writes_no_dr,false,200,1596485524459,1596485527932,3472
azure,azure_storage_writes_no_dr,false,200,1596485527932,1596485532556,4623
azure,azure_storage_writes_no_dr,false,200,1596485532556,1596485537588,5032
azure,azure_storage_writes_no_dr,false,200,1596485537588,1596485542782,5193
azure,azure_storage_writes_no_dr,false,200,1596485542782,1596485549768,6985
azure,azure_storage_writes_no_dr,false,200,1596485549768,1596485554776,5007
azure,azure_storage_writes_no_dr,false,200,1596485554776,1596485563264,8487
azure,azure_storage_writes_no_dr,false,200,1596485563264,1596485568961,5696
azure,azure_storage_writes_no_dr,false,200,1596485568961,1596485571926,2964
azure,azure_storage_writes_no_dr,false,200,1596485571926,1596485576427,4500
azure,azure_storage_writes_no_dr,false,200,1596485576427,1596485580120,3692
azure,azure_storage_writes_no_dr,false,200,1596485580120,1596485584174,4053
azure,azure_storage_writes_no_dr,false,200,1596485584174,1596485588229,4055
azure,azure_storage_writes_no_dr,false,200,1596485588229,1596485591245,3015
azure,azure_storage_writes_no_dr,false,200,1596485591245,1596485597574,6329
azure,azure_storage_writes_no_dr,false,200,1596485597574,1596485601687,4112
azure,azure_storage_writes_no_dr,false,200,1596485601687,1596485608137,6449
azure,azure_storage_writes_no_dr,false,200,1596485608137,1596485613917,5780
azure,azure_storage_writes_no_dr,false,200,1596485613917,1596485619519,5601
azure,azure_storage_writes_no_dr,false,200,1596485619519,1596485625982,6462
azure,azure_storage_writes_no_dr,false,200,1596485625982,1596485628773,2790
azure,azure_storage_writes_no_dr,false,200,1596485628773,1596485632342,3568
azure,azure_storage_writes_no_dr,false,200,1596485632342,1596485637678,5335
azure,azure_storage_writes_no_dr,false,200,1596485637678,1596485642794,5115
azure,azure_storage_writes_no_dr,false,200,1596485642794,1596485647030,4236
azure,azure_storage_writes_no_dr,false,200,1596485647030,1596485650840,3809
azure,azure_storage_writes_no_dr,false,200,1596485650840,1596485656385,5544
azure,azure_storage_writes_no_dr,false,200,1596485656385,1596485662818,6432
azure,azure_storage_writes_no_dr,false,200,1596485662818,1596485668544,5725
azure,azure_storage_writes_no_dr,false,200,1596485668544,1596485675872,7327
azure,azure_storage_writes_no_dr,false,200,1596485675872,1596485682100,6227
azure,azure_storage_writes_no_dr,false,200,1596485682100,1596485687725,5624
azure,azure_storage_writes_no_dr,false,200,1596485687725,1596485691065,3339
azure,azure_storage_writes_no_dr,false,200,1596485691065,1596485695431,4365
azure,azure_storage_writes_no_dr,false,200,1596485695431,1596485700444,5012
azure,azure_storage_writes_no_dr,false,200,1596485700444,1596485704800,4355
azure,azure_storage_writes_no_dr,false,200,1596485704800,1596485709839,5038
azure,azure_storage_writes_no_dr,false,200,1596485709839,1596485715428,5589
azure,azure_storage_writes_no_dr,false,200,1596485715428,1596485721670,6241
azure,azure_storage_writes_no_dr,false,200,1596485721670,1596485728641,6970
azure,azure_storage_writes_no_dr,false,200,1596485728641,1596485735242,6600
azure,azure_storage_writes_no_dr,false,200,1596485735242,1596485742176,6933
azure,azure_storage_writes_no_dr,false,200,1596485742176,1596485749586,7409
azure,azure_storage_writes_no_dr,false,200,1596485749586,1596485755051,5465
azure,azure_storage_writes_no_dr,false,200,1596485755051,1596485758928,3876
azure,azure_storage_writes_no_dr,false,200,1596485758928,1596485763744,4816
azure,azure_storage_writes_no_dr,false,200,1596485763744,1596485768676,4931
azure,azure_storage_writes_no_dr,false,200,1596485768676,1596485773628,4951
azure,azure_storage_writes_no_dr,false,200,1596485773628,1596485779096,5467
azure,azure_storage_writes_no_dr,false,200,1596485779096,1596485784490,5394
azure,azure_storage_writes_no_dr,false,200,1596485784490,1596485788114,3623
azure,azure_storage_writes_no_dr,false,200,1596485788114,1596485793279,5164
azure,azure_storage_writes_no_dr,false,200,1596485793279,1596485798411,5131
azure,azure_storage_writes_no_dr,false,200,1596485798411,1596485803436,5024
azure,azure_storage_writes_no_dr,false,200,1596485803436,1596485809084,5647
azure,azure_storage_writes_no_dr,false,200,1596485809084,1596485812379,3294
azure,azure_storage_writes_no_dr,false,200,1596485812379,1596485816826,4446
azure,azure_storage_writes_no_dr,false,200,1596485816826,1596485821076,4250
azure,azure_storage_writes_no_dr,false,200,1596485821076,1596485825359,4283
azure,azure_storage_writes_no_dr,false,200,1596485825359,1596485833587,8227
azure,azure_storage_writes_no_dr,false,200,1596485833587,1596485839108,5521
azure,azure_storage_writes_no_dr,false,200,1596485839108,1596485844454,5345
azure,azure_storage_writes_no_dr,false,200,1596485844454,1596485847282,2827
azure,azure_storage_writes_no_dr,false,200,1596485847282,1596485852209,4926
azure,azure_storage_writes_no_dr,false,200,1596485852209,1596485856523,4313
azure,azure_storage_writes_no_dr,false,200,1596485856523,1596485861558,5034
azure,azure_storage_writes_no_dr,false,200,1596485861558,1596485865766,4207
azure,azure_storage_writes_no_dr,false,200,1596485865766,1596485873114,7347
azure,azure_storage_writes_no_dr,false,200,1596485873114,1596485876073,2958
azure,azure_storage_writes_no_dr,false,200,1596485876073,1596485881872,5798
azure,azure_storage_writes_no_dr,false,200,1596485881872,1596485886763,4890
azure,azure_storage_writes_no_dr,false,200,1596485886763,1596485891884,5121
azure,azure_storage_writes_no_dr,false,200,1596485891884,1596485897171,5286
azure,azure_storage_writes_no_dr,false,200,1596485897171,1596485902204,5032
azure,azure_storage_writes_no_dr,false,200,1596485902204,1596485905884,3679
azure,azure_storage_writes_no_dr,false,200,1596485905884,1596485908675,2790
azure,azure_storage_writes_no_dr,false,200,1596485908675,1596485913045,4369
azure,azure_storage_writes_no_dr,false,200,1596485913045,1596485916765,3719
azure,azure_storage_writes_no_dr,false,200,1596485916765,1596485919967,3201
azure,azure_storage_writes_no_dr,false,200,1596485919967,1596485927239,7271
azure,azure_storage_writes_no_dr,false,200,1596485927239,1596485931865,4625
azure,azure_storage_writes_no_dr,false,200,1596485931865,1596485936844,4978
azure,azure_storage_writes_no_dr,false,200,1596485936844,1596485944100,7255
azure,azure_storage_writes_no_dr,false,200,1596485944100,1596485948414,4313
azure,azure_storage_writes_no_dr,false,200,1596485948414,1596485955952,7537
azure,azure_storage_writes_no_dr,false,200,1596485955952,1596485961843,5890
azure,azure_storage_writes_no_dr,false,200,1596485961843,1596485965248,3404
azure,azure_storage_writes_no_dr,false,200,1596485965248,1596485969462,4213
azure,azure_storage_writes_no_dr,false,200,1596485969462,1596485975900,6437
azure,azure_storage_writes_no_dr,false,200,1596485975900,1596485979990,4090
azure,azure_storage_writes_no_dr,false,200,1596485979990,1596485984639,4648
azure,azure_storage_writes_no_dr,false,200,1596485984639,1596485993031,8391
azure,azure_storage_writes_no_dr,false,200,1596485993031,1596485999756,6724
azure,azure_storage_writes_no_dr,false,200,1596485999756,1596486004249,4492
azure,azure_storage_writes_no_dr,false,200,1596486004249,1596486009118,4868
azure,azure_storage_writes_no_dr,false,200,1596486009118,1596486012493,3375
azure,azure_storage_writes_no_dr,false,200,1596486012493,1596486016895,4401
azure,azure_storage_writes_no_dr,false,200,1596486016895,1596486019399,2503
azure,azure_storage_writes_no_dr,false,200,1596486019399,1596486022487,3087
azure,azure_storage_writes_no_dr,false,200,1596486022487,1596486027385,4897
azure,azure_storage_writes_no_dr,false,200,1596486027385,1596486031440,4054
azure,azure_storage_writes_no_dr,false,200,1596486031440,1596486040273,8832
azure,azure_storage_writes_no_dr,false,200,1596486040273,1596486044683,4409
azure,azure_storage_writes_no_dr,false,200,1596486044683,1596486050818,6134
azure,azure_storage_writes_no_dr,false,200,1596486050818,1596486054914,4095
azure,azure_storage_writes_no_dr,false,200,1596486054914,1596486059640,4726
azure,azure_storage_writes_no_dr,false,200,1596486059640,1596486064954,5314
azure,azure_storage_writes_no_dr,false,200,1596486064954,1596486070115,5160
azure,azure_storage_writes_no_dr,false,200,1596486070115,1596486074220,4104
azure,azure_storage_writes_no_dr,false,200,1596486074220,1596486077504,3283
azure,azure_storage_writes_no_dr,false,200,1596486077504,1596486082678,5173
azure,azure_storage_writes_no_dr,false,200,1596486082678,1596486086195,3516
azure,azure_storage_writes_no_dr,false,200,1596486086195,1596486089587,3391
azure,azure_storage_writes_no_dr,false,200,1596486089587,1596486097887,8299
azure,azure_storage_writes_no_dr,false,200,1596486097887,1596486105171,7284
azure,azure_storage_writes_no_dr,false,200,1596486105171,1596486110690,5518
azure,azure_storage_writes_no_dr,false,200,1596486110690,1596486116620,5929
azure,azure_storage_writes_no_dr,false,200,1596486116620,1596486122575,5954
azure,azure_storage_writes_no_dr,false,200,1596486122575,1596486126538,3962
azure,azure_storage_writes_no_dr,false,200,1596486126538,1596486134771,8232
azure,azure_storage_writes_no_dr,false,200,1596486134771,1596486139766,4994
azure,azure_storage_writes_no_dr,false,200,1596486139766,1596486143547,3780
azure,azure_storage_writes_no_dr,false,200,1596486143547,1596486147085,3537
azure,azure_storage_writes_no_dr,false,200,1596486147085,1596486152167,5082
azure,azure_storage_writes_no_dr,false,200,1596486152167,1596486158366,6198
azure,azure_storage_writes_no_dr,false,200,1596486158366,1596486161381,3015
azure,azure_storage_writes_no_dr,false,200,1596486161381,1596486166094,4712
azure,azure_storage_writes_no_dr,false,200,1596486166094,1596486172710,6615
azure,azure_storage_writes_no_dr,false,200,1596486172710,1596486178351,5640
azure,azure_storage_writes_no_dr,false,200,1596486178351,1596486181381,3029
azure,azure_storage_writes_no_dr,false,200,1596486181381,1596486186988,5606
azure,azure_storage_writes_no_dr,false,200,1596486186988,1596486191522,4533
azure,azure_storage_writes_no_dr,false,200,1596486191522,1596486195343,3820
azure,azure_storage_writes_no_dr,false,200,1596486195343,1596486199691,4347
azure,azure_storage_writes_no_dr,false,200,1596486199691,1596486204906,5214
azure,azure_storage_writes_no_dr,false,200,1596486204906,1596486209223,4316
azure,azure_storage_writes_no_dr,false,200,1596486209223,1596486212997,3773
azure,azure_storage_writes_no_dr,false,200,1596486212997,1596486217092,4094
azure,azure_storage_writes_no_dr,false,200,1596486217092,1596486221012,3919
azure,azure_storage_writes_no_dr,false,200,1596486221012,1596486224323,3310
azure,azure_storage_writes_no_dr,false,200,1596486224323,1596486229202,4878
azure,azure_storage_writes_no_dr,false,200,1596486229202,1596486234804,5601
azure,azure_storage_writes_no_dr,false,200,1596486234804,1596486239725,4920
azure,azure_storage_writes_no_dr,false,200,1596486239725,1596486246676,6950
azure,azure_storage_writes_no_dr,false,200,1596486246676,1596486250233,3556
azure,azure_storage_writes_no_dr,false,200,1596486250233,1596486258394,8160
azure,azure_storage_writes_no_dr,false,200,1596486258394,1596486261811,3417
azure,azure_storage_writes_no_dr,false,200,1596486261811,1596486266864,5052
azure,azure_storage_writes_no_dr,false,200,1596486266864,1596486271200,4335
azure,azure_storage_writes_no_dr,false,200,1596486271200,1596486276645,5444
azure,azure_storage_writes_no_dr,false,200,1596486276645,1596486281389,4743
azure,azure_storage_writes_no_dr,false,200,1596486281389,1596486286581,5191
azure,azure_storage_writes_no_dr,false,200,1596486286581,1596486291030,4448
azure,azure_storage_writes_no_dr,false,200,1596486291030,1596486295990,4959
azure,azure_storage_writes_no_dr,false,200,1596486295990,1596486301206,5215
azure,azure_storage_writes_no_dr,false,200,1596486301206,1596486306056,4849
azure,azure_storage_writes_no_dr,false,200,1596486306056,1596486310632,4575
azure,azure_storage_writes_no_dr,false,200,1596486310632,1596486314344,3711
azure,azure_storage_writes_no_dr,false,200,1596486314344,1596486320107,5762
azure,azure_storage_writes_no_dr,false,200,1596486320107,1596486324322,4214
azure,azure_storage_writes_no_dr,false,200,1596486324322,1596486328397,4075
azure,azure_storage_writes_no_dr,false,200,1596486328397,1596486332775,4378
azure,azure_storage_writes_no_dr,false,200,1596486332775,1596486339248,6472
azure,azure_storage_writes_no_dr,false,200,1596486339248,1596486345538,6289
azure,azure_storage_writes_no_dr,false,200,1596486345538,1596486348515,2976
azure,azure_storage_writes_no_dr,false,200,1596486348515,1596486355731,7215
azure,azure_storage_writes_no_dr,false,200,1596486355731,1596486360502,4770
azure,azure_storage_writes_no_dr,false,200,1596486360502,1596486364228,3725
azure,azure_storage_writes_no_dr,false,200,1596486364228,1596486370183,5954
azure,azure_storage_writes_no_dr,false,200,1596486370183,1596486373173,2989
azure,azure_storage_writes_no_dr,false,200,1596486373173,1596486376746,3572
azure,azure_storage_writes_no_dr,false,200,1596486376746,1596486382318,5572
azure,azure_storage_writes_no_dr,false,200,1596486382318,1596486386875,4556
azure,azure_storage_writes_no_dr,false,200,1596486386875,1596486391598,4722
azure,azure_storage_writes_no_dr,false,200,1596486391598,1596486396992,5393
azure,azure_storage_writes_no_dr,false,200,1596486396992,1596486402365,5372
azure,azure_storage_writes_no_dr,false,200,1596486402365,1596486405898,3532
azure,azure_storage_writes_no_dr,false,200,1596486405898,1596486409437,3539
azure,azure_storage_writes_no_dr,false,200,1596486409437,1596486414127,4689
azure,azure_storage_writes_no_dr,false,200,1596486414127,1596486419403,5275
azure,azure_storage_writes_no_dr,false,200,1596486419403,1596486422234,2830
azure,azure_storage_writes_no_dr,false,200,1596486422234,1596486427059,4824
azure,azure_storage_writes_no_dr,false,200,1596486427059,1596486434447,7387
azure,azure_storage_writes_no_dr,false,200,1596486434447,1596486439591,5143
azure,azure_storage_writes_no_dr,false,200,1596486439591,1596486443081,3489
azure,azure_storage_writes_no_dr,false,200,1596486443081,1596486447638,4556
azure,azure_storage_writes_no_dr,false,200,1596486447638,1596486452070,4431
azure,azure_storage_writes_no_dr,false,200,1596486452070,1596486457201,5130
azure,azure_storage_writes_no_dr,false,200,1596486457201,1596486460490,3289
azure,azure_storage_writes_no_dr,false,200,1596486460490,1596486465441,4950
azure,azure_storage_writes_no_dr,false,200,1596486465441,1596486468610,3168
azure,azure_storage_writes_no_dr,false,200,1596486468610,1596486473816,5205
azure,azure_storage_writes_no_dr,false,200,1596486473816,1596486478754,4937
azure,azure_storage_writes_no_dr,false,200,1596486478754,1596486482843,4088
azure,azure_storage_writes_no_dr,false,200,1596486482843,1596486488056,5212
azure,azure_storage_writes_no_dr,false,200,1596486488056,1596486490867,2810
azure,azure_storage_writes_no_dr,false,200,1596486490867,1596486494114,3247
azure,azure_storage_writes_no_dr,false,200,1596486494114,1596486497928,3813
azure,azure_storage_writes_no_dr,false,200,1596486497928,1596486504815,6886
azure,azure_storage_writes_no_dr,false,200,1596486504815,1596486508612,3797
azure,azure_storage_writes_no_dr,false,200,1596486508612,1596486512499,3886
azure,azure_storage_writes_no_dr,false,200,1596486512499,1596486517532,5032
azure,azure_storage_writes_no_dr,false,200,1596486517532,1596486522143,4610
azure,azure_storage_writes_no_dr,false,200,1596486522143,1596486526264,4120
azure,azure_storage_writes_no_dr,false,200,1596486526264,1596486529517,3252
azure,azure_storage_writes_no_dr,false,200,1596486529517,1596486536073,6555
azure,azure_storage_writes_no_dr,false,200,1596486536073,1596486539366,3292
azure,azure_storage_writes_no_dr,false,200,1596486539366,1596486542648,3281
azure,azure_storage_writes_no_dr,false,200,1596486542648,1596486549375,6726
azure,azure_storage_writes_no_dr,false,200,1596486549375,1596486552656,3280
azure,azure_storage_writes_no_dr,false,200,1596486552656,1596486556500,3844
azure,azure_storage_writes_no_dr,false,200,1596486556500,1596486561777,5276
azure,azure_storage_writes_no_dr,false,200,1596486561777,1596486565493,3715
azure,azure_storage_writes_no_dr,false,200,1596486565493,1596486572488,6994
azure,azure_storage_writes_no_dr,false,200,1596486572488,1596486576757,4268
azure,azure_storage_writes_no_dr,false,200,1596486576757,1596486582782,6024
azure,azure_storage_writes_no_dr,false,200,1596486582782,1596486588096,5314
azure,azure_storage_writes_no_dr,false,200,1596486588096,1596486591492,3396
azure,azure_storage_writes_no_dr,false,200,1596486591492,1596486595388,3895
azure,azure_storage_writes_no_dr,false,200,1596486595388,1596486600969,5580
azure,azure_storage_writes_no_dr,false,200,1596486600969,1596486609783,8813
azure,azure_storage_writes_no_dr,false,200,1596486609783,1596486613086,3302
azure,azure_storage_writes_no_dr,false,200,1596486613086,1596486620387,7300
azure,azure_storage_writes_no_dr,false,200,1596486620387,1596486625323,4935
azure,azure_storage_writes_no_dr,false,200,1596486625323,1596486630315,4991
azure,azure_storage_writes_no_dr,false,200,1596486630315,1596486633851,3535
azure,azure_storage_writes_no_dr,false,200,1596486633851,1596486639506,5654
azure,azure_storage_writes_no_dr,false,200,1596486639506,1596486646208,6701
azure,azure_storage_writes_no_dr,false,200,1596486646208,1596486651709,5500
azure,azure_storage_writes_no_dr,false,200,1596486651709,1596486657312,5602
azure,azure_storage_writes_no_dr,false,200,1596486657312,1596486661992,4679
azure,azure_storage_writes_no_dr,false,200,1596486661992,1596486666911,4918
azure,azure_storage_writes_no_dr,false,200,1596486666911,1596486670992,4081
azure,azure_storage_writes_no_dr,false,200,1596486670992,1596486676090,5097
azure,azure_storage_writes_no_dr,false,200,1596486676090,1596486680721,4630
azure,azure_storage_writes_no_dr,false,200,1596486680721,1596486687310,6588
azure,azure_storage_writes_no_dr,false,200,1596486687310,1596486694644,7333
azure,azure_storage_writes_no_dr,false,200,1596486694644,1596486698504,3859
azure,azure_storage_writes_no_dr,false,200,1596486698504,1596486703720,5215
azure,azure_storage_writes_no_dr,false,200,1596486703720,1596486710254,6534
azure,azure_storage_writes_no_dr,false,200,1596486710254,1596486717218,6963
azure,azure_storage_writes_no_dr,false,200,1596486717218,1596486722232,5013
azure,azure_storage_writes_no_dr,false,200,1596486722232,1596486726238,4005
azure,azure_storage_writes_no_dr,false,200,1596486726238,1596486732244,6005
azure,azure_storage_writes_no_dr,false,200,1596486732244,1596486736497,4253
azure,azure_storage_writes_no_dr,false,200,1596486736497,1596486740959,4461
azure,azure_storage_writes_no_dr,false,200,1596486740959,1596486746465,5505
azure,azure_storage_writes_no_dr,false,200,1596486746465,1596486753041,6576
azure,azure_storage_writes_no_dr,false,200,1596486753041,1596486756687,3645
azure,azure_storage_writes_no_dr,false,200,1596486756687,1596486761507,4819
azure,azure_storage_writes_no_dr,false,200,1596486761507,1596486766863,5355
azure,azure_storage_writes_no_dr,false,200,1596486766863,1596486774264,7400
azure,azure_storage_writes_no_dr,false,200,1596486774264,1596486780547,6282
azure,azure_storage_writes_no_dr,false,200,1596486780547,1596486787026,6478
azure,azure_storage_writes_no_dr,false,200,1596486787026,1596486794015,6988
azure,azure_storage_writes_no_dr,false,200,1596486794015,1596486797669,3653
azure,azure_storage_writes_no_dr,false,200,1596486797669,1596486802010,4340
azure,azure_storage_writes_no_dr,false,200,1596486802010,1596486805330,3319
azure,azure_storage_writes_no_dr,false,200,1596486805330,1596486812453,7122
azure,azure_storage_writes_no_dr,false,200,1596486812453,1596486817626,5172
azure,azure_storage_writes_no_dr,false,200,1596486817626,1596486822970,5343
azure,azure_storage_writes_no_dr,false,200,1596486822970,1596486828479,5508
azure,azure_storage_writes_no_dr,false,200,1596486828479,1596486833497,5017
azure,azure_storage_writes_no_dr,false,200,1596486833497,1596486838477,4979
azure,azure_storage_writes_no_dr,false,200,1596486838477,1596486842954,4477
azure,azure_storage_writes_no_dr,false,200,1596486842954,1596486847968,5013
azure,azure_storage_writes_no_dr,false,200,1596486847968,1596486852422,4453
azure,azure_storage_writes_no_dr,false,200,1596486852422,1596486855636,3213
azure,azure_storage_writes_no_dr,false,200,1596486855636,1596486862097,6460
azure,azure_storage_writes_no_dr,false,200,1596486862097,1596486868772,6674
azure,azure_storage_writes_no_dr,false,200,1596486868772,1596486872268,3496
azure,azure_storage_writes_no_dr,false,200,1596486872268,1596486877229,4960
azure,azure_storage_writes_no_dr,false,200,1596486877229,1596486882034,4805
azure,azure_storage_writes_no_dr,false,200,1596486882034,1596486886053,4018
azure,azure_storage_writes_no_dr,false,200,1596486886053,1596486889381,3327
azure,azure_storage_writes_no_dr,false,200,1596486889381,1596486894265,4883
azure,azure_storage_writes_no_dr,false,200,1596486894265,1596486898324,4059
azure,azure_storage_writes_no_dr,false,200,1596486898324,1596486902185,3860
azure,azure_storage_writes_no_dr,false,200,1596486902185,1596486908758,6572
azure,azure_storage_writes_no_dr,false,200,1596486908758,1596486913509,4750
azure,azure_storage_writes_no_dr,false,200,1596486913509,1596486920777,7267
azure,azure_storage_writes_no_dr,false,200,1596486920777,1596486925777,4999
azure,azure_storage_writes_no_dr,false,200,1596486925777,1596486931395,5618
azure,azure_storage_writes_no_dr,false,200,1596486931395,1596486938410,7014
azure,azure_storage_writes_no_dr,false,200,1596486938410,1596486942948,4537
azure,azure_storage_writes_no_dr,false,200,1596486942948,1596486947869,4920
azure,azure_storage_writes_no_dr,false,200,1596486947869,1596486954766,6896
azure,azure_storage_writes_no_dr,false,200,1596486954766,1596486959995,5228
azure,azure_storage_writes_no_dr,false,200,1596486959995,1596486966650,6654
azure,azure_storage_writes_no_dr,false,200,1596486966650,1596486970963,4312
azure,azure_storage_writes_no_dr,false,200,1596486970963,1596486977451,6487
azure,azure_storage_writes_no_dr,false,200,1596486977451,1596486981798,4346
azure,azure_storage_writes_no_dr,false,200,1596486981798,1596486986502,4703
azure,azure_storage_writes_no_dr,false,200,1596486986502,1596486990272,3769
azure,azure_storage_writes_no_dr,false,200,1596486990272,1596486993561,3288
azure,azure_storage_writes_no_dr,false,200,1596486993561,1596486998917,5355
azure,azure_storage_writes_no_dr,false,200,1596486998917,1596487002476,3558
azure,azure_storage_writes_no_dr,false,200,1596487002476,1596487009049,6572
azure,azure_storage_writes_no_dr,false,200,1596487009049,1596487013136,4086
azure,azure_storage_writes_no_dr,false,200,1596487013136,1596487019054,5917
azure,azure_storage_writes_no_dr,false,200,1596487019054,1596487023196,4141
azure,azure_storage_writes_no_dr,false,200,1596487023196,1596487027770,4573
azure,azure_storage_writes_no_dr,false,200,1596487027770,1596487032593,4822
azure,azure_storage_writes_no_dr,false,200,1596487032593,1596487040344,7750
azure,azure_storage_writes_no_dr,false,200,1596487040344,1596487044240,3895
azure,azure_storage_writes_no_dr,false,200,1596487044240,1596487048617,4377
azure,azure_storage_writes_no_dr,false,200,1596487048617,1596487054105,5487
azure,azure_storage_writes_no_dr,false,200,1596487054105,1596487058003,3897
azure,azure_storage_writes_no_dr,false,200,1596487058003,1596487064526,6522
azure,azure_storage_writes_no_dr,false,200,1596487064526,1596487069828,5301
azure,azure_storage_writes_no_dr,false,200,1596487069828,1596487074858,5029
azure,azure_storage_writes_no_dr,false,200,1596487074858,1596487080831,5972
azure,azure_storage_writes_no_dr,false,200,1596487080831,1596487085814,4982
azure,azure_storage_writes_no_dr,false,200,1596487085814,1596487090331,4516
azure,azure_storage_writes_no_dr,false,200,1596487090331,1596487096131,5799
azure,azure_storage_writes_no_dr,false,200,1596487096131,1596487099798,3666
azure,azure_storage_writes_no_dr,false,200,1596487099798,1596487104818,5019
azure,azure_storage_writes_no_dr,false,200,1596487104818,1596487110199,5381
azure,azure_storage_writes_no_dr,false,200,1596487110199,1596487113436,3236
azure,azure_storage_writes_no_dr,false,200,1596487113436,1596487118959,5522
azure,azure_storage_writes_no_dr,false,200,1596487118959,1596487123631,4671
azure,azure_storage_writes_no_dr,false,200,1596487123631,1596487127580,3948
azure,azure_storage_writes_no_dr,false,200,1596487127580,1596487132622,5041
azure,azure_storage_writes_no_dr,false,200,1596487132622,1596487139504,6881
azure,azure_storage_writes_no_dr,false,200,1596487139504,1596487143021,3516
azure,azure_storage_writes_no_dr,false,200,1596487143021,1596487149821,6799
azure,azure_storage_writes_no_dr,false,200,1596487149821,1596487155419,5598
azure,azure_storage_writes_no_dr,false,200,1596487155419,1596487162888,7468
azure,azure_storage_writes_no_dr,false,200,1596487162888,1596487167755,4866
azure,azure_storage_writes_no_dr,false,200,1596487167755,1596487172439,4683
azure,azure_storage_writes_no_dr,false,200,1596487172439,1596487176978,4538
azure,azure_storage_writes_no_dr,false,200,1596487176978,1596487182192,5213
azure,azure_storage_writes_no_dr,false,200,1596487182192,1596487187244,5051
azure,azure_storage_writes_no_dr,false,200,1596487187244,1596487191846,4601
azure,azure_storage_writes_no_dr,false,200,1596487191846,1596487196602,4755
azure,azure_storage_writes_no_dr,false,200,1596487196602,1596487202182,5579
azure,azure_storage_writes_no_dr,false,200,1596487202182,1596487207891,5708
azure,azure_storage_writes_no_dr,false,200,1596487207891,1596487214433,6542
azure,azure_storage_writes_no_dr,false,200,1596487214433,1596487219696,5262
azure,azure_storage_writes_no_dr,false,200,1596487219696,1596487227587,7890
azure,azure_storage_writes_no_dr,false,200,1596487227587,1596487234225,6637
azure,azure_storage_writes_no_dr,false,200,1596487234225,1596487239291,5065
azure,azure_storage_writes_no_dr,false,200,1596487239291,1596487246467,7175
azure,azure_storage_writes_no_dr,false,200,1596487246467,1596487250237,3769
azure,azure_storage_writes_no_dr,false,200,1596487250237,1596487253973,3735
azure,azure_storage_writes_no_dr,false,200,1596487253973,1596487258782,4808
azure,azure_storage_writes_no_dr,false,200,1596487258782,1596487262968,4185
azure,azure_storage_writes_no_dr,false,200,1596487262968,1596487269719,6750
azure,azure_storage_writes_no_dr,false,200,1596487269719,1596487274558,4838
azure,azure_storage_writes_no_dr,false,200,1596487274558,1596487277697,3138
azure,azure_storage_writes_no_dr,false,200,1596487277697,1596487282232,4534
azure,azure_storage_writes_no_dr,false,200,1596487282232,1596487287073,4840
azure,azure_storage_writes_no_dr,false,200,1596487287073,1596487291911,4837
azure,azure_storage_writes_no_dr,false,200,1596487291911,1596487297530,5618
azure,azure_storage_writes_no_dr,false,200,1596487297530,1596487303976,6445
azure,azure_storage_writes_no_dr,false,200,1596487303976,1596487309587,5610
azure,azure_storage_writes_no_dr,false,200,1596487309587,1596487314963,5375
azure,azure_storage_writes_no_dr,false,200,1596487314963,1596487324373,9409
azure,azure_storage_writes_no_dr,false,200,1596487324373,1596487328844,4470
azure,azure_storage_writes_no_dr,false,200,1596487328844,1596487332143,3298
azure,azure_storage_writes_no_dr,false,200,1596487332143,1596487336419,4275
azure,azure_storage_writes_no_dr,false,200,1596487336419,1596487342100,5680
azure,azure_storage_writes_no_dr,false,200,1596487342100,1596487347010,4909
azure,azure_storage_writes_no_dr,false,200,1596487347010,1596487352181,5170
azure,azure_storage_writes_no_dr,false,200,1596487352181,1596487355810,3628
azure,azure_storage_writes_no_dr,false,200,1596487355810,1596487361095,5284
azure,azure_storage_writes_no_dr,false,200,1596487361095,1596487364951,3855
azure,azure_storage_writes_no_dr,false,200,1596487364951,1596487369720,4768
azure,azure_storage_writes_no_dr,false,200,1596487369720,1596487377480,7759
azure,azure_storage_writes_no_dr,false,200,1596487377480,1596487382979,5498
azure,azure_storage_writes_no_dr,false,200,1596487382979,1596487386754,3775
azure,azure_storage_writes_no_dr,false,200,1596487386754,1596487390186,3432
azure,azure_storage_writes_no_dr,false,200,1596487390186,1596487393679,3492
azure,azure_storage_writes_no_dr,false,200,1596487393679,1596487398739,5059
azure,azure_storage_writes_no_dr,false,200,1596487398739,1596487402154,3415
azure,azure_storage_writes_no_dr,false,200,1596487402154,1596487407012,4857
azure,azure_storage_writes_no_dr,false,200,1596487407012,1596487411707,4694
azure,azure_storage_writes_no_dr,false,200,1596487411707,1596487415929,4221
azure,azure_storage_writes_no_dr,false,200,1596487415929,1596487425801,9871
azure,azure_storage_writes_no_dr,false,200,1596487425801,1596487430577,4775
azure,azure_storage_writes_no_dr,false,200,1596487430577,1596487434461,3883
azure,azure_storage_writes_no_dr,false,200,1596487434461,1596487440250,5788
azure,azure_storage_writes_no_dr,false,200,1596487440250,1596487444340,4090
azure,azure_storage_writes_no_dr,false,200,1596487444340,1596487449417,5076
azure,azure_storage_writes_no_dr,false,200,1596487449417,1596487455007,5590
azure,azure_storage_writes_no_dr,false,200,1596487455007,1596487459275,4268
azure,azure_storage_writes_no_dr,false,200,1596487459275,1596487464166,4890
azure,azure_storage_writes_no_dr,false,200,1596487464166,1596487468702,4535
azure,azure_storage_writes_no_dr,false,200,1596487468702,1596487473271,4568
azure,azure_storage_writes_no_dr,false,200,1596487473271,1596487476519,3247
azure,azure_storage_writes_no_dr,false,200,1596487476519,1596487480524,4004
azure,azure_storage_writes_no_dr,false,200,1596487480524,1596487486358,5833
azure,azure_storage_writes_no_dr,false,200,1596487486358,1596487490283,3924
azure,azure_storage_writes_no_dr,false,200,1596487490283,1596487495442,5158
azure,azure_storage_writes_no_dr,false,200,1596487495442,1596487501514,6071
azure,azure_storage_writes_no_dr,false,200,1596487501514,1596487504941,3426
azure,azure_storage_writes_no_dr,false,200,1596487504941,1596487508761,3820
azure,azure_storage_writes_no_dr,false,200,1596487508761,1596487516206,7444
azure,azure_storage_writes_no_dr,false,200,1596487516206,1596487519724,3517
azure,azure_storage_writes_no_dr,false,200,1596487519724,1596487523546,3821
azure,azure_storage_writes_no_dr,false,200,1596487523546,1596487528549,5002
azure,azure_storage_writes_no_dr,false,200,1596487528549,1596487534785,6235
azure,azure_storage_writes_no_dr,false,200,1596487534785,1596487539021,4236
azure,azure_storage_writes_no_dr,false,200,1596487539021,1596487542673,3651
azure,azure_storage_writes_no_dr,false,200,1596487542673,1596487548286,5612
azure,azure_storage_writes_no_dr,false,200,1596487548286,1596487554474,6187
azure,azure_storage_writes_no_dr,false,200,1596487554474,1596487557883,3408
azure,azure_storage_writes_no_dr,false,200,1596487557883,1596487562119,4236
azure,azure_storage_writes_no_dr,false,200,1596487562119,1596487566195,4075
azure,azure_storage_writes_no_dr,false,200,1596487566195,1596487571576,5380
azure,azure_storage_writes_no_dr,false,200,1596487571576,1596487576413,4836
azure,azure_storage_writes_no_dr,false,200,1596487576413,1596487581330,4916
azure,azure_storage_writes_no_dr,false,200,1596487581330,1596487590159,8828
azure,azure_storage_writes_no_dr,false,200,1596487590159,1596487595836,5676
azure,azure_storage_writes_no_dr,false,200,1596487595836,1596487601030,5193
azure,azure_storage_writes_no_dr,false,200,1596487601030,1596487607639,6608
azure,azure_storage_writes_no_dr,false,200,1596487607639,1596487613532,5892
azure,azure_storage_writes_no_dr,false,200,1596487613532,1596487618525,4992
azure,azure_storage_writes_no_dr,false,200,1596487618525,1596487623548,5022
azure,azure_storage_writes_no_dr,false,200,1596487623548,1596487630803,7254
azure,azure_storage_writes_no_dr,false,200,1596487630803,1596487635133,4329
azure,azure_storage_writes_no_dr,false,200,1596487635133,1596487640579,5445
azure,azure_storage_writes_no_dr,false,200,1596487640579,1596487644180,3600
azure,azure_storage_writes_no_dr,false,200,1596487644180,1596487651918,7737
azure,azure_storage_writes_no_dr,false,200,1596487651918,1596487659983,8064
azure,azure_storage_writes_no_dr,false,200,1596487659983,1596487663633,3649
azure,azure_storage_writes_no_dr,false,200,1596487663633,1596487667982,4348
azure,azure_storage_writes_no_dr,false,200,1596487667982,1596487675014,7031
azure,azure_storage_writes_no_dr,false,200,1596487675014,1596487680544,5529
azure,azure_storage_writes_no_dr,false,200,1596487680544,1596487686389,5844
azure,azure_storage_writes_no_dr,false,200,1596487686389,1596487691174,4785
azure,azure_storage_writes_no_dr,false,200,1596487691174,1596487696270,5095
azure,azure_storage_writes_no_dr,false,200,1596487696270,1596487702732,6461
azure,azure_storage_writes_no_dr,false,200,1596487702732,1596487707123,4390
azure,azure_storage_writes_no_dr,false,200,1596487707123,1596487713636,6512
azure,azure_storage_writes_no_dr,false,200,1596487713636,1596487717811,4174
azure,azure_storage_writes_no_dr,false,200,1596487717811,1596487722593,4781
azure,azure_storage_writes_no_dr,false,200,1596487722593,1596487730111,7517
azure,azure_storage_writes_no_dr,false,200,1596487730111,1596487733722,3610
azure,azure_storage_writes_no_dr,false,200,1596487733722,1596487738957,5234
azure,azure_storage_writes_no_dr,false,200,1596487738957,1596487742007,3049
azure,azure_storage_writes_no_dr,false,200,1596487742007,1596487749831,7823
azure,azure_storage_writes_no_dr,false,200,1596487749831,1596487754175,4343
azure,azure_storage_writes_no_dr,false,200,1596487754175,1596487758566,4390
azure,azure_storage_writes_no_dr,false,200,1596487758566,1596487764768,6201